Mediennummer;Autor;Titel;Erscheinungsjahr;Umfang;Genre;Kurze Inhaltsangabe
M595659351M595659353;Adler-Olden, Jussi;Erbarmen;2009;416;Krimi;Carl Morcks Beförderung zum Leiter des Dezernats Q ist eigentlich eine Degradierung. Anstatt aktuelle Mordfälle zu lösen, bearbeitet der Kommissar zu den Akten gelegte Fälle. Doch schon der 1. Fall einer seit 5 Jahren spurlos verschwundenen Politikerin entwickelt sich zum Albtraum.
M59566580XM59566580Y;Ahern, Cecilia;Ich schreib dir morgen wieder;2010;365;Belletristik;Der Selbstmord ihres Vaters katapultiert Tamara in eine völlig andere Existenz. Sie ist gezwungen, ohne den gewohnten Luxus auszukommen und zu Verwandten zu ziehen. Ein rätselhaftes Tagebuch erleichtert dem Teenager das neue Leben auf dem Land fernab von Dublin.
M595660997;Akyün, Hatice;Einmal Hans mit scharfer Soße;2007;189;Biografie;"Hans und Helga heißen alle Deutschen bei uns Türken“, schreibt Hatice Akyün, „und jedes Mal, wenn ich in die Türkei fahre, heißt es: ‚Hast du jetzt endlich einen Hans gefunden? 
"
M595665612;Anam, Tahmina / Früh, Sigrid / Walch, Paul (Hrsg.);Zeit der Verheißungen;2010;317;Belletristik;Dhaka, Ostpakistan 1971. Sohn und Tochter der verwitweten Rehana haben sich der Untergrundarmee für die Unabhängigkeit Bangladeschs angeschlossen. Aus Liebe zu ihren Kindern wird auch Rehana zur Unterstützerin des Befreiungskampfes.
M59566537X;André-Lang/Rast, Harald;Kap meiner Hoffnung;2010;263;med. Erlebnisbericht;Packender Lebensbericht einer deutschen Kinderärztin, die seit 1988 in Südafrika arbeitet und sich für bessere medizinische Bedingungen für schwarze Kinder engagiert.
M595665567;Andres, Dorothee;Carpe Diem;2009;412;Biografie;Die Lebenserinnerungen von Dorothee Andres konzentrieren sich auf ihre gemeinsamen Lebensjahrzehnte mit Stefan Andres (1906-1970), der bis Ende der 1960er-Jahre als einer der wichtigsten Vertreter der deutschen Gegenwartsliteratur galt.
M595664751;Auster, Paul;Unsichtbar;2010;315;Belletristik;Der Student Adam Walker wird Zeuge, wie ein von ihm hoch verehrter Professor einen brutalen Mord begeht. - Roman um Schuld, Rache und Selbstverachtung und über das Wesen der Literatur.
M595665518;Bahra, Hanne;Königin Luise;2010;140;Biografie;Bildbiografie entlang der Lebensstationen der bekanntesten aller preußischen Königinnen (1776-1810).
M595664714;Bakker, Gerbrand;Oben ist es still;2008;315;Belletristik;Nach dem Tod seines Zwillingsbruders arbeitet Helmer auf dem Hof seines Vaters. Ein längerer Aufenthalt seines Neffen Henk bietet ihm die überraschende Aussicht auf eine bisher entbehrte Vaterschaft.
M595661529;Baksi, Kurdo;Mein Freund Stieg Larsson;2010;223;Biografie;Persönliche Erinnerungen des besten Freundes an Krimi-Autor und Verfasser der Millenium-Trilogie Stieg Larsson unter besonderer Betonung des politischen und journalistischen Engagements Larssons.
M595664949;Bandelow, Borwin;Wenn die Seele leidet;2010;408;Medizin;24 psychische Krankheitsbilder (u.a. Depression, Manisch-depressive Erkrankung, Angst- und Zwangsstörungen, PTBS, Borderline, Suchterkrankungen, Demenz) werden betroffenen-nah porträtiert, inkl. Selbsthilfemaßnahmen, Therapieempfehlungen und Wirksamkeitsnachweisen.
M595664950;Bengtsson, Jonas T.;Submarino;2009;383;Belletristik;Eine Milieustudie aus Dänemark über 2 Brüder, die es nicht schaffen, ihre tragische Familiengeschichte hinter sich zu lassen.
M595664881;Benioff, David;Alles auf Anfang;2010;267;Belletristik;Geschichten über Menschen, in deren Leben von einem Moment auf den anderen etwas Unglaubliches passiert und es für immer verändert.
M595661213;Benioff, David;Stadt der Diebe;2009;383;Belletristik;"Während der deutschen Belagerung Leningrads können sich 2 junge Russen vor der Hinrichtung retten, wenn sie einem Geheimdienstoffizier Eier für die Hochzeitstorte seiner Tochter besorgen; in der von Hunger und Bombardements ausgebluteten Stadt eine schier unmögliche Aufgabe."
M595665145;Bennett, Alan;Die Lady im Lieferwagen;2009;89;Humor, Satire;"Würde und koketter Anstand des Alters. In dieser Erzählung geht es um eine schrullige Alte, Miss Shepherd, die sich mit ihrem Lieferwagen in einer guten Wohngegend Londons eingenistet hat.
"
M595668155;Bergmann, Marcel;Trotzdem China;2008;190;Reisebericht;.»Trotzdem China« erzählt, wie der Traum wirklich wurde. Es ist die faszinierende Geschichte seiner Reise im Rollstuhl von Shanghai bis hinauf nach Peking und zur Chinesischen Mauer.
M595664998;Bird, Kai;J. Robert Oppenheimer;2009;672;Biografie;"Biografie über den großen amerikanischen Physiker J. Robert Oppenheimer (1904-1967), dem ""Vater der Atombombe""."
M595660912;Orth,Stephan/Blinda, Antje;Sorry, wir haben die Landebahn verfehlt ;2010;187;Humor, Satire;Kuriose und auch erschreckende Erlebnisse von Flugreisenden sind in diesem Buch zusammengefasst.
M595665474;Borowiak, Simon;Schade um den schönen Sex;2009;212;Belletristik;Der Ich-Erzähler und sein melancholischer Freund Cromwell reisen im Winter in eine Küstenstadt in Ligurien. Tragisch-komische Geschichte über die Suche nach Liebe.
M588057957;Brack, Robert;Blutsonntag;2010;225;Krimi;"Dokumentarischer Roman über die blutigen Ereignisse und ihre politischen Hintergründe mörderischer Straßenkämpfe zwischen Kommunisten, SA und der Polizei beim ""Altonaer Blutsonntag"" 1932."
M595665319;Brennan, Maeve  ;Tanz der Dienstmädchen;2010;232;Erzählung;Anthologie von gesellschaftskritischen und zugleich unterhaltsamen Erzählungen aus den 50er- und 60er-Jahren des 20. Jahrhunderts der irisch-amerikanischen Autorin über die Oberflächlichkeit, Egozentrik und Unehrlichkeit der New Yorker Bourgeoisie dieser Zeit.
M59565934X;Bruhns, Wibke;Meines Vaters Land;2005;387;Familie;Am 26. August 1944 wird der Abwehroffizier Hans Georg Klamroth wegen Hochverrats hingerichtet. Jahrzehnte später sieht seine jüngste Tochter in einer Fernsehdokumentation über den 20. Juli Bilder ihres Vaters - aufgenommen während des Prozesses im Volksgerichtshof. Ein Anblick, der Wibke Bruhns nicht mehr loslässt.
M595664390;Büchner, Christine;Hildegard von Bingen;2009;142;Biografie;Ihr Leben und reichhaltiges Schaffen üben bis heute eine ungebrochene Faszination aus: Hildegard von Bingen (1098-1179). Sie war Verfasserin mystisch-visionärer Schriften, Heilpraktikerin und Naturwissenschaftlerin, Predigerin und Komponistin.
M595659314;Buck, Pearl S.;Die gute Erde;2007;331;Belletristik;Chinas fulminanter Aufbruch im 21. Jahrhundert fordert geradezu zu historischen Erkundungen heraus. Pearl S. Bucks berühmter Roman gewinnt vor diesem Hintergrund eine neue Qualität, denn er führt uns zurück in das China des beginnenden 20. Jahrhunderts, in ein vorindustrielles Land.
M595664856;Bullerdiek, Bolko;Vör din egen Döör;2009;95;Plattdeutsch;"De Saak hett en Hoken, sä de Heek, dor hüng he an de Angel. Und so wird es den Lesern gehen, dass die Geschichten dieses Buches sie nicht loslassen; dass sie hinter dem Humorvollen auch das Hintersinnige entdecken."
M59566095X;Burgess, Gordon;Wolfgang Borchert;2007;299;Biografie;Neue Sicht auf einen Kultautor. Als Wolfgang Borchert, schwerkrank aus dem Krieg heimgekehrt, nicht mehr seinen Traumberuf Schauspieler ausüben konnte, wurde er zum Schriftsteller.
M59566565X;Cabré, Jaume;Senyoria;2009;443;Belletristik;Kabale und Liebe im Katalonien des Jahres 1799: Der auf seine eigenen Vorteile bedachte Gerichtspräsident, tritt mit der Verfolgung eines Unschuldigen in ein Fettnäpfchen, dass ihn teuer zu stehen kommt.
M595661087;Calvetti, Paola;Und immer wieder Liebe;2009;442;Belletristik;Eine Begegnung nach 31 Jahren lässt die Liebe zwischen der Buchhändlerin Emma und dem Architekten Federico wieder aufleben.
M595665592;Camilleri, Andrea;Die Farbe der Sonne;2010;125;Belletristik;Andrea Camilleri erhält auf mafios geheimnisvolle Weise Einsicht in ein bisher unbekanntes Tagebuch des großen Malers Caravaggio und bastelt daraus ein Buch über den Wahnsinn eines Gehetzten, die Verschlingungen der Macht und den Stoff aus dem ein Buch gemacht wird.
M595665742;Cappelli, Gaetano;Ferne Verwandte;2010;511;Belletristik;Carlino die Lontrone, einziger Nachkomme einer Olivenöl-Dynastie, wächst in den 1960er-Jahren in Süditalien auf. Der Drang nach Freiheit und Abenteuer, der zu dieser Zeit auch die italienische Provinz erfüllt, treibt ihn um und führt ihn letztendlich in das große Abenteuer Amerika.
M59566487X;Carr, Amelia;Ein kleines Stück vom Himmel nur;2010;620;Belletristik;Die Großmutter, eine ehemalige englische Pilotin im 2. Weltkrieg, bittet ihre Enkelin, einen Fliegerorden dem ehemaligen Besitzer zurückzubringen. Damit enthüllt sie das Geheimnis um ihre ehemalige große Liebe. Das Nichtausgesprochene hatte tragische Auswirkungen auf alle Familienbeziehungen.
M599778656;Carr, Caleb;Die Einkreisung;2010;512;Krimi;1896, als der spätere US-Präsident noch Polizeichef von New York ist, verunsichert eine Mordserie die Bevölkerung. Roosevelt beauftragt eine 3köpfige Sondergruppe - einen Psychiater, einen Polizeireporter und eine Sekretärin - mit der Ermittlungsarbeit.
M595665214;Chang, Jung;Wilde Schwäne;1991;638;Belletristik;In der Lebensgeschichte der Autorin und ihrer Familie spiegeln sich die politischen und sozialen Umbrüche in China in den letzten hundert Jahren (von der Kaiserzeit bis in die 1990er Jahre) wider.
M595664913;Clarke, Gerald;Truman Capote;2007;767;Biografie;in Berlin. Erst im dramatischen Kriegsjahr 1944 kehrt sie auf das heimatliche Gut zurück und übernimmt
M595664515;Cleeves, Ann;Nacht der Raben;2006;427;Krimi;Erst als die Rote Armee im Januar 1945 schon weit nach Ostpreußen vorgedrungen ist, fällt Lena die schwere Entscheidung, mit ihren Gutsleuten die Flucht nach Westen anzutreten.
M595665624;Cleeves, Ann;Im kalten Licht des Frühlings;2009;429;Krimi;Als auf Whalsay, einem Teil der Shetlandinseln, während Ausgrabungsarbeiten ein Mord geschieht und Tage später auch noch die Leiterin der Ausgrabungen tot aufgefunden wird, weiß Detective Jimmy Perez, dass die Insel-Gemeinschaft ein Geheimnis verbirgt.
M595661181;Coe, Jonathan;Der Regen, bevor er fällt;2009;298;Belletristik;Rosalind nimmt kurz vor ihrem Tod ihre Familiengeschichte auf Cassette auf, um der Enkelin ihrer Cousine zu erklären, warum sie blind ist. Roman über Liebesentzug und die Beziehungen zwischen Frauen.
M595660973;David, Christian;Kinski;2006;447;Biographie;Die Biografie schildert das wilde Leben eines großen Künstlers (1926-1991), bei dem Höhenrausch und Abgrund oft nahe beieinander lagen.
M595665027;David-Néel, Alexandra;Mein Weg durch Himmel und Höllen;2010;317;Reisebericht;"Das Abenteuer ihres Lebens in Tibet; ein Reisebericht 1911-1925  "
M595660936;Deaver, Jeffrey;Gezinkt;2008;541;Krimi;Sechzehn packenden und abgründige Kurzgeschichte: im  Thriller-Genre. In Deavers doppelbödiger Welt voll atemberaubender Spannung und überraschender Wendungen gibt es letztlich nur zwei Gewissheiten: Nichts ist wie es scheint, und einer spielt immer mit gezinkten Karten …
M595665555;Degen, Michael;Der Steuerhinterzieher;2009;360;Belletristik;"Michael Degen übt in „Der Steuerhinterzieher"" scharfe Kritik an der Korrumpierbarkeit und Geldgier der Staatsdiener. Zugleich entwirft er ein kurzweiliges, mit spitzer Feder gezeichnetes Bild der feinen Hamburger Gesellschaft, entlarvt liebevoll und zugleich unerbittlich die Kleinbürgerlichkeit der Hanseaten. Wieder einmal beweist Michael Degen sein großartiges Gespür für genaue Milieuzeichnung, schräge Situationen, pointierte Dialoge und liebenswert seltsame Zeitgenossen."
M595665393;Degen, Michael;Mein heiliges Land;2008;315;Autobiografie;Mein heiliges Land : auf der Suche nach meinem verlorenen Bruder.
M595659257;Dibaba, Yared;Der Heimatforscher;2009;223;Erlebnisbericht;"Der in Norddeutschland bekannte TV-Moderator Dibaba (""Dibaba und Tietjen"", ""Land und Leute"") dokumentiert hier seine Interviews mit deutschstämmigen Auswanderern in der ganzen Welt."
M595664787;Dibaba, Yared;Platt is mien Welt;2009;105;Plattdeutsch;Platt is mien Welt : bei einer öffentlichen Veranstaltung im November 2009 in der Bücherhalle Hamburg aufgenommen
M595699390;Diers, Michaela;Wilhelm Busch;2008;194;Biografie;Wilhelm Busch : Leben und Werk
M595659375;Dönhoff, T. / Sperl, G.;Die Flucht;2008;334;Belletristik;Lena Gräfin von Mahlenberg lebt seit Ende der dreißiger Jahre in Berlin. Erst im dramatischen Kriegsjahr 1944 kehrt sie auf das heimatliche Gut zurück und übernimmt die gesamte Gutsverwaltung. Erst als die Rote Armee im Januar 1945 schon weit nach Ostpreußen vorgedrungen ist, fällt Lena die schwere Entscheidung, mit ihren Gutsleuten die Flucht nach Westen 
M595664608;Dostojewski, Fjodor M.;Schuld und Sühne;2006;776;Belletristik;"Rodion Raskolnikow, ein verarmter Student, ist von der Idee besessen, daß es dem ""großen"" Menschen erlaubt sei, ""lebensunwertes"" Leben zu vernichten, um ""lebenswertes"" zu erhalten. Er begeht einen Doppelmord. Doch der auf die Tat folgende physische Zusammenbruch zeigt, daß der Verstand nicht die einzige Schicht der menschlichen Persönlichkeit ist. "
M596270995;Dostojewski, Fjodor M.;Der Spieler;2008;197;Belletristik;"Glück in der Liebe oder im Spiel? Bisher glaubte er, seine Liebe zu dessen Tochter Polina sei der eigentliche Sinn seines Lebens. Doch nachdem er mit seinem letzten Goldstück 100.000 Florin gewonnen hat, ergreift mehr und mehr die Spielleidenschaft von ihm Besitz. 
"
M595664974;Dostojewski, Fjodor M.;Die Brüder Karamasow;2007;1.271;Belletristik;Die drei Brüder Karamasow kehren als Erwachsene in ihr Elternhaus zurück und begegnen ihrem Vater als einem alten lüsternen Trunkenbold. So groß ist ihre Verachtung, dass sie seinen Tod herbeiwünschen. Als er dann wirklich ermordet aufgefunden wird, fällt der Verdacht auf den ältesten Brüder Dimitrij. Er wird schuldig gesprochen und zu Zwangsarbeit in Sibirien verurteilt. 
M595661623;Doubek, Katja;August der Starke;2007;156;Biografie;Biografie August des Starken, Kurfürst von Sachsen und König von Polen (1670 - 1733).
M595661193;Draesner, Ulrike;Vorliebe;2010;253;Belletristik;Überrascht erlebt die Astrophysikerin Harriet, ausgefüllt von beruflichen Anforderungen, wie ihr Leben in neue Bahnen gerät, als sie ihren verheirateten Jugendfreund Peter wiedertrifft.
M595664540;Dürrenmatt, Friedrich;Der Besuch der alten Dame;1998;155;Tragikkomödie;Diese tragische Komödie spielt in der Kleinstadt Güllen in der Nähe der deutsch-schweizerischen Grenze. Die Geschichte handelt von der Milliardärin Claire Zachanassian, die nach Güllen zurückkehrt, um Rache an ihrem ehemaligen Geliebten zu nehmen.
M595665506;Eckardt, Emanuel;Hamburg. Eine Liebeserklärung;2010;224;Hamburg;Millionenmetropole und Hansestadt an der Elbe, quirlige Großstadt und verschlafene Vororte, Völkergemisch und hanseatische Tradition. Und natürlich immer wieder und vor allem: der Hafen.
M595665498;Engelhardt, Marc;Der Hüter der zerfallenden Bücher: afrikanische Schicksale;2009;132;Aufsatzsammlung;Reportagen vom beschwerlichen Alltag der Menschen auf dem Schwarzen Kontinent, die trotzdem ihren Lebensmut bewahren.
M595664410;Everett, Rupert;Rote Teppiche und andere Bananenschalen;2009;491;Autobiografie;"Ein amüsanter Lesespaß nicht nur für Leute, die Klatsch und Tratsch wie Luft und Liebe brauchen. In 20 Kapiteln gibt er amüsante Anekdoten und witzige Begebenheiten ebenso zum Besten, wie die eine oder andere „Bananenschale“, auf der er ausgerutscht ist. 
"
M595661262;Ferris, Joshua;Ins Freie;2010;349;Belletristik;Ein Anwalt ist von dem unerklärlichen Zwang besessen, unvermittelt zu Fußmärschen aufbrechen zu müssen. Seine Wanderungen entfernen ihn nicht nur von der Gesellschaft, sondern vor allem auch von seiner Familie und seinem beruflichen Umfeld.
M595659399;Fforde, Jasper;Der Fall Jane Eyre;2007;375;Krimi;Können Sie sich eine Welt vorstellen, in der Literatur so wichtig genommen wird, dass es eine Spezialeinheit gibt, um sie vor Fälschern zu schützen? Als Geheimagentin Thursday Next ihre neue Stelle in Swindon antritt, ahnt sie schon, dass ihr die größte Herausforderung ihrer Karriere bevorsteht.
M595659387;Fforde, Jasper;In einem anderen Buch;2007;418;Krimi;Spezialagentin Thursday Next wird schwer in die Mangel genommen: Ihre eigene Dienststelle lässt sie beschatten, bei der Mammut-Herbstwanderung fällt ihr ein Oldtimer fast auf den Kopf, ihr Dodo legt in ihrer Küche ein Ei, der eben erst erworbene Ehemann wird von der ChronoGarde genichtet, und obendrein geht am 12. Dezember die Welt unter.
M595659338;Fforde, Jasper;Im Brunnen der Manuskripte;2008;411;Krimi;Ein Riesenspaß für alle, die Literatur lieben! Die Welt der Literatur gegen alle möglichen Missetäter zu verteidigen, ist eine ehrenvolle, aber auch nervenaufreibende Aufgabe. Wen wundert es also, dass Thursday Next sich zu ihrem Mutterschaftsurlaub in die tiefsten Tiefen des Brunnens der Manuskripte zurückzieht.
M595659269;Fforde, Jasper;Es ist etwas faul;2006;426;Krimi;Letzte Meldung: Thursday Next kehrt zurück! Nach jahrelangem Aufenthalt in der BuchWelt kehrt Agentin Thursday Next mit ihrem zweijährigen Söhnchen Friday und Hamlet, dem bekannten Dänenprinzen, in ihre Heimatstadt Swindon zurück. Im Haus ihrer Mutter warten schon andere Gäste auf sie.
M595659302;Fforde, Jasper;Irgendwo ganz anderes;2009;408;Krimi;Thursday Next führt ein Doppelleben. Sie arbeitet in einem Teppichgeschäft, doch im Geheimen ist sie als Ausbilderin für die Jurisfiktion in der BuchWelt zuständig. Dort muss sie sich mit ihren Roman-Doppelgängerinnen Thursday 1-4 und Thursday 5 herumschlagen.
M595665754;Fischer, Erica;Mein Erzengel;2010;248;Belletristik;Durch eine Anzeige lernt Ruth den Schriftsteller Michael kennen. Michael hilft Kriegsflüchtlingen aus aller Welt. Ihre Ehe wird bald belastet durch alte, unverheilte Wunden auf beiden Seiten.
M595665462;FitzGerald, Helen;Furchtbar lieb;2010;238;Belletristik;Eine junge, eben Mutter gewordene Sozialarbeiterin unternimmt mit ihrer besten Freundin und deren Mann eine Wandertour. In deren Verlauf kommt es zum Streit zwischen den beiden Frauen. Das zieht Turbulenzen nach sich.
M595699389;Fletcher, Susan;Austernfischer;2008;381;Belletristik;Seit sie von den Klippen gestürzt ist, liegt Amy im Koma. Moira, ihre ältere Schwester, spricht mit ihr und trägt ihr die Welt ins Zimmer. Dabei hat sie eine Beichte abzulegen. Ein stiller, vielschichtiger und traurig-schöner Roman.
M595668143 M600050231;Follet, Ken;Sturz der Titanen;2010;1.022;Historie;1. Teil einer 3-bändigen Jahrhundertsaga, die in 3 Ländern spielt. Vor dem Hintergrund einer dramatischen Epoche, die mit dem Jahre 1914 beginnt und mit dem Fall der Mauer 1989 endet, entfalten sich die Schicksale von 3 Familien und 3 Generationen.
M595665182;Fontane, Theodor;Irrungen, Wirrungen;2007;203;Roman;Der Roman aus dem Jahr 1888 handelt von der Liebe zwischen dem Adeligen Baron Botho von Rienäcker und der Schneidergesellin Magdalene Nimptsch, die aufgrund der Standesunterschiede der beiden niemals in Erfüllung gehen kann. Die Handlung spielt im Berlin des ausgehenden 19. Jahrhunderts.
M595659270;Fontane, Theodor;Frau Jenny Treibel;2007;207;Roman;Eine Analyse des Bildes der Bourgoisie im Roman.
M59566474X;Fontane, Theodor;Effi Briest;2002;304;Roman;Das Leben einer jungen Frau mit fast noch kindlichem Verhalten, die an den gesellschaftlichen Konventionen im Preußen des späten 19. Jahrhunderts zerbricht. Landrat Innstetten, ein früherer Verehrer von Effis Mutter, hält um die Hand des zu diesem Zeitpunkt erst 17-jährigen Mädchens an und zieht mit dieser nach der Hochzeit und einer anschließenden Hochzeitsreise durch Italien in das in Hinterpommern gelegene Kessin. 
M595659407;Fontane, Theodor;Der Stechlin;1986;503;Roman;Der alte Dubslav von Stechlin, Major a. D. und Witwer, ist ein Vertreter des alteingesessenen märkischen Adels. Er ist stolz auf sein renovierungsbedürftiges Herrenhaus, sein Dorf, vor allem aber auf den sagenumwobenen See. Die Verbindung zur großen Weltbewegung, zu den gesellschaftlichen und politischen Umbrüchen der Jahrhundertwende stellt sich aber auch durch den Sohn Woldemar ein. Seine Heirats- und Lebenspläne werden zum zentralen Thema der Geschichte, in der sich die alten und die neuen Zeiten widerspiegeln.
M595665896;Fortier, Anne;Julia;2010;637;Belletristik;Die junge Amerikanerin Julia stößt auf ein altes Buch: die Urfassung der Geschichte von Romeo und Julia und den verfeindeten Familien Tolomei und Salimbeni. Durch Zufall findet sie heraus, dass ihr wahrer Name Giulietta Tolomei ist. Fasziniert reist sie nach Siena, um dort mehr zu erfahren. Und schon bald gerät sie in höchste Gefahr.
M595665730;French, Tana;Totengleich;2009;780;Krimi;"Cassie Maddox ist geschockt: Die Tote, zu der die Polizistin gerufen wird, gleicht ihr aufs Haar. Um den Mordfall zu lösen, eignet sich Cassie das Leben der Toten an und kehrt zurück in die seltsame Wohngemeinschaft, deren 5. Mitglied ""Lexie"" war."
M595665717;Frenz, Lothar;W wie Wissen;2010;203;Naturwissensch.;Aktuelle Forschungsergebnisse über die Umwelt, den Menschen, das Klima, Energie, Meere und Seen, den Regenwald und Tiere.
M595664564;Frisch, Max;Stiller;1996;432;Roman;Der Reisende Jim White wird an einem Grenzbahnhof festgenommen: Er soll der verschwundene Bildhauer Anatol Ludwig Stiller sein. In der Untersuchungshaft wird er mehr und mehr mit seinem Alter Ego konfrontiert, dessen Vorgeschichte sich aus verschiedenen Erzählungen zusammenfügt:
M595664645;Frisch, Max;Mein Name sei Gantenbein;1991;287;Roman;"Der gesamte Roman ist in der Ich - Erzählsituation geschrieben, wobei der Leser nie irgend etwas über das wirkliche ich erfährt. Das ganze Buch hindurch befindet sich der Erzähler in einer fiktiven Welt, d. h. er stellt sich verschiedene Rollen in verschiedenen Personen vor, welche er dann niederschreibt. Diese Rollen des ""Ich"" sind in einem gleitenden Wechsel: mal Ehemann, mal Geliebter, mal verlassener Ehemann. Rollen wie Enderlin und Svoboda werden im Laufe des Romans fallengelassen; die endgültige Entscheidung lautet: ""Mein Name sei Gantenbein."""
M595665450;Fröhlich, Susanne;Und ewig grüßt das Moppel-Ich;2010;255;Ratgeber;"Die Pfunde bleiben der Autorin des Bestsellers ""Moppel-Ich"" treu, nun will sie wenigstens ""ein fitter Moppel"" sein und analysiert umwerfend witzig den Abnehmwahn als Glücksfresser und Dünnsein als neue Religion."
M595665169;Früh, Sigrid / Walch, Paul (Hrsg.);Russiche Märchen: Zum Erzählen und Vorlesen;2006;190;Märchen;Russische Märchen  -  zum Erzählen und Vorlesen
M595661144;Gallay, Claudie;Die Brandungswelle;2010;557;Belletristik;Als Kind hat Lambert seine Eltern bei einem Bootsunglück verloren, sein kleiner Bruder ist seitdem vermisst. Nun kehrt er nach La Hague zurück, um herauszufinden, was damals wirklich geschah. Was wissen die Dorfbewohner wirklich über das Unglück? Kann es sein, dass sein Bruder noch lebt?
M595665847;Gantenberg, Michael;Zwischen allen Wolken;2010;327;Belletristik;Die junge Gesa will nach dem Abitur die verschlafene Nordseeinsel Nördrum verlassen, wo ihre Familie eine kleine Pension betreibt. Doch dann kommt ihr Bruder bei einem Fallschirmsprung ums Leben. Heiter-melancholischer Roman über das Erwachsenwerden.
M595665579;Gatti, Fabricio;Bilal;2009;457;Reportage;Als Illegaler auf dem Weg nach Europa
M595661249;Gauck, Joachim;Winter im Sommer, Frühling im Herbst;2009;344;Biografie;"Der 1. Bundesbeauftragte für die Stasi-Unterlagen erzählt anschaulich von seiner Kindheit und Jugend in der DDR, wie er in Widerspruch zum Regime geriet, schließlich das ""Neue Forum"" mitbegründete und nach der Wende zu einer Symbolfigur der Vergangenheitsbewältigung wurde."
M595661201 M601263781;Gavalda, Anna;Ein geschenkter Tag;2010;138;Belletristik;Eine spontane Landpartie wird für 4 Geschwister zu einem fröhlichen und rührenden Abschied von einem Stück Kindheitsglück.
M595661168;Geiger, Arno;Alles über Sally;2010;363;Belletristik;Minutiös beschriebenes und treffend charakterisiertes Psychogramm einer jahrzehntelangen Ehe- und Liebesbeziehung
M595661002;Golden, Arthur;Die Geisha;2006;572;Belletristik;Japan in den 20er und 30er Jahren: Die kleine Chiyo lebt in armseligen Verhältnissen in einem Fischerdorf, bis sie wegen ihrer Schönheit nach Kyoto verkauft wird, um dort zur Geisha ausgebildet zu werden.
M595660880;Grange, Jean-Chrstophe;Das Herz der Hölle;2009;778;Thriller;Bizarrer Thriller um Mörder, die zuvor selbst dem Tod nahe waren, und um eine sinistre Verschwörerbande, die im Auftrag des Bösen zu wirken scheint.
M595665299;Greenway, Alice;Weiße Geister;2009;220;Belletristik;Hong Kong, 1967: Während ihr Vater in Vietnam als Kriegsfotograf unterwegs ist, leben die beiden Schwestern Kate und Frankie in ihrer eigenen Welt, bis die politischen Wirren auch ihren Alltag berühren.
M595665648;Griffiths, Elly;Totenpfad;2009;320;Krimi;Als unweit einer prähistorischen Ausgrabungsstätte an der Küste Norfolks ein Skelett gefunden wird, bittet Detective Harry Nelson die Archäologin Ruth Galloway um ihre Mithilfe. Handelt es sich um die Überreste der kleinen Lucy, die vor 10 Jahren spurlos verschwand?
M595660892;Grzimek, Bernhard;Mein Leben;2009;553;Biografie;Mein Leben : Erinnerungen des Tierforschers
M595665872;Guelfenbein, Carla;Der Rest ist Schweigen;2010;333;Belletristik;Ist Schweigen wirklich immer Gold? Die chilenische Erfolgsautorin erzählt aus 3 Perspektiven eine Familiengeschichte, in der das Nicht-Ausgesprochene das Leben der Charaktere immer stärker prägt und belastet.
M599778632;Gulik, Robert van;Nagelprobe in Pei-tscho;2010;206;Krimi;China im 7. Jh.: während seiner Zeit als Bezirksvorsteher in der Provinz hat Richter Di gleichzeitig 4 mysteriöse Kriminalfälle zu lösen.
M59566509X;Hacke, Axel;Das Beste aus meinem Leben;2006;283;Belletristik;mein Alltag als Mann
M599778563;Harris, Robert;Pompeji;2007;304;Krimi;Im Jahre 79 n. Chr. wird der römische Wasserbaumeister Attilius am Golf von Neapel in ein Netz aus Intrigen und Machtspielen um wertvolle Wasserressourcen verwickelt, nicht ahnend, dass eine lebensbedrohliche Katastrophe bevorsteht.
M595665275;Hartl, Barbara;Drei große Schriftstellerinnen;2009;93;Biografie;Porträts der zzt. wohl erfolgreichsten Autorinnen Cornelia Funke, J.K. Rowling und Enid Blyton. Auf jeweils ca. 30 Seiten wird über die Bücher, die Filme und das Leben der Autorinnen berichtet. 
M595659326;Härtling, Peter;Die Lebenslinie;2007;108;Belletristik;eine Erfahrung
M595665661;Härtling, Peter;O'Bär an Enkel Samuel;2008;108;Belletristik;In seiner Erzählung vom Großvater O’Bär und seinem dreijährigen Enkel Samuel gelingt Peter Härtling eine spielerische und anrührende Verquickung von eigenem Erleben und literarischer Fiktion – und das Porträt einer innigen Beziehung
M593217075 M595661237;Heidenreich / Schroeder;Alte Liebe;2009;190;Belletristik;Lore und Harry sind seit 40 Jahren verheiratet. Während Harry bereits pensioniert ist, ist die Bibliothekarin Lore noch berufstätig. Vor dem gemeinsamen Ruhestand hat Lore ein wenig Angst. Aber die bevorstehende Hochzeit ihrer Tochter bewegt einiges.
M595659294;Heldt, Dora;Tante Inge haut ab;2009;336;Frauen;Urlaub auf Sylt! Freudig begrüßt Christine am Bahnhof ihren Johann, da tippt auch schon das Unheil auf die Schulter. Vor ihr steht ihre Tante Inge. Aber was macht sie allein und dazu mit so vielen Koffern auf Sylt?
M595661107;Henkel, Hans-Olaf;Die Abwracker;2009;255;Wirtschaft;Der aus dem TV bekannte Wirtschaftslobbyist führt die Finanzkrise vor allem auf ordnungspolitische Fehler der Politik(er) zurück, die somit ein guter Teil der Schuld träfe. Zudem seien gute Absichten keine Gewähr, dass in der Wirtschaftspolitik gut gehandelt wird.
M595664657;Henry, Patti Callahan;Leuchtend wie der Horizont;2010;333;Belletristik;Vor 2 Jahren verlor Annabelle Murphy ihren Mann Knox bei einem Flugzeugabsturz. Jetzt erfährt sie, dass neben ihm eine Frau saß. Sie beginnt, Nachforschungen anzustellen.
M595670582;Hildebrandt, D. /Kuballa, F. (Hrsg.);Mein Kriegsende;2010;222;Erlebnisbericht;Prominente Autoren und Künstler wie Gotthilf Fischer, Coco Schumann und Gisela May erinnern sich mit großer Anschaulichkeit an ihre Erlebnisse und Begegnungen in den letzten Kriegstagen.
M595664775;Hilderbrand, Elin;Auf hoher See;2010;381;Frauen;Eine Clique muss den Verlust ihrer Freunde verarbeiten. Manches Geheimnis kommt zutage.
M595664819;Hilmes, Oliver;Herrin des Hügels;2007;493;Biografie;Auf der Basis neuer Quellen zeichnet der Autor das widersprüchliche Leben der Witwe Richard Wagners nach (1837-1930).
M59977854X;Hirschberger, Dieter;Tagebuch des Teufels;2010;288;Krimi;Endlich hat der bisher wenig erfolgreiche Komponist und Dichter E.T.A. Hoffmann im Sommer 1814 in Berlin eine feste Anstellung als Kammergerichtsrat erhalten, da wird er sogleich als beisitzender Richter in einen Mordfall hineingezogen. Gerissene Schwerverbrecher betreiben üble Täuschungsmanöver.
M595665860;Hoem, Edvard;Die Geschichte von Mutter und Vater;2009;220;Geschichte;Edvard Hoem erzählt vom Leben seiner Eltern, bevor sie seine Eltern wurden. Das Buch handelt von ihren Träumen, ihren Hoffnungen und Enttäuschungen, es handelt von der engen Welt des ländlichen Norwegens in den dreißiger und vierziger Jahren des letzten Jahrhunderts.
M595665531;Hölderlin, Friedrich;Sämtliche Gedichte und Kommentare;2005;1.148;Klassiker;Neue textkritische und erstmals umfassend kommentierte Edition.
M599778551;Hültner, Robert;Inspektor Kajetan und die Betrüger;2010;252;Krimi;In den 1920er-Jahren wird der suspendierte Inspektor Paul Kajetan verdächtigt, auf seinen Nachfolger in der Münchner Polizeidirektion einen Mordanschlag verübt zu haben. Verzweifelt versucht er, seine Unschuld zu beweisen und macht sich auf die gefährliche Suche nach dem wahren Täter.
M595665860;Hustvedt, Siri;Die zitternde Frau;2010;235;Autobiografie;Die Autorin erlitt während einer Gedenkrede zum Todes ihres 21/2 Jahre zuvor verstorbenen Vaters einen heftigen Schüttelanfall. Auf der Suche nach der möglicherweise abgespaltenen zitternden Frau in sich, reist sie durch die Historie und Typologie psychophysischer Krankheitsbilder.
M595665697;Ingemarsson, Kajsa;Das große Glück kommt nie allein;2010;573;Frauen;Bestsellerautorin Stella Friedberg lebt in einer perfekten Glitzerwelt. Doch kurz vor der Vollendung ihrer erfolgreichen Krimiserie bricht der schöne Schein zusammen: Der Roman stockt, ihr Freund betrügt sie und in ihrer Designerwohnung richtet ein Wasserschaden heilloses Chaos an.
M595682161;Irving, John;Letzte Nacht in Twisted River;2010;732;Belletristik;Tragik und groteske Komik prägen die Jahre der Flucht eines Vaters mit seinem Sohn vor einem rachsüchtigen Verfolger und werden zum Kernpunkt einer schriftstellerischen Karriere in den USA.
M595664377;Izzo, Jean-Claude;Leben macht müde;2007;102;Anthologie;"Es sind die kleinen Leute, die sich in diesen sieben Geschichten mit den großen Fragen des Daseins konfrontiert sehen: »Die Angst. Das Leben selber.«
So einfach diese Fragen auch zu sein scheinen, so kompliziert sind die Antworten. In den Geschichten geht es um die Suche nach dem unfassbaren Glück und um die Hoffnung, in der Liebe zu sich selbst zu finden. "
M595665194;Izzo, Jean-Claude;Chourmo;2000;268;Belletristik;Der Ex-Polizist Fabio Montale gerät durch Familien- und Freundschaftsbande erneut in den Sumpf aus Korruption, religiösem Extremismus und Schwarzgeldgeschäften.
M595665705;Jaumann, Bernhard;Die Stunde des Schakals;2010;317;Krimi;Ausgehend von einem wahren Mordfall im Jahre 1989, dem der namibische Apartheidsgegner Anton Lubowski zum Opfer fiel, erzählt der Autor in Romanform, wie die Geschichte sich abgespielt haben könnte und porträtiert das Leben im heutigen Namibia.
M595664458;Jelinek, Elfriede;Die Klavierspielerin;1984;351;Belletristik;Erika Kohut, Mitte dreißig und von Beruf Klavierlehrerin, lebt seit der Vertreibung des störenden Vaters eingeschlossen in der trauten Zweisamkeit mit ihrer alten Mutter. Das Hauptproblem ihrer Mutter besteht darin, ihr Besitztum – die Tochter – an sich zu binden, damit die Tochter ja nicht davonläuft.
M595664807;Johnson, Denis;Keine Bewegung!;2010;204;Thriller;Jimmy Luntz' Leidenschaften sind sein Barbershop-Chor und das Glückspiel in all seinen Facetten. Letzteres wird ihm fast zum Verhängnis, als der Geldeintreiber Ernesto Gambol aufkreuzt, um ein Exempel an dem säumigen Schuldner zu statuieren. Jimmy schießt Gambol nieder und ist fortan auf der Flucht.
M59566552X;Johnson, Uwe;Jahrestage;1988;1703;Belletristik;Aus dem Leben von Gesine Cresspahl / Uwe Johnson
M595665170;Kahl, Heinrich;Grootvadder sien Huus;2009;144;Belletristik;Berichte aus den 1920er, 1930er und 1940er Jahren / Heinrich Kahl
M60126364X;Käßmann, Margot;In der Mitte des Lebens;2009;159;Religion;In ihrem Buch geht sie den Themen nach, mit denen sich Menschen in ihrem Alter beschäftigen: Jugend und Alter, Familie, Freundschaft und Alleinsein, Krankheit und Glück u.v.a.
M599778575;Kanon, Joseph;Die Tage vor Los Alamos;2010;444;Krimi;Kurz vor dem ersten Atombombenversuch 1945 wird Mike Conolly als verdeckter Ermittler in ein Forschungszentrum der US-Army eingeschleust, um einen Mordfall aufzuklären. Hochrangige Wissenschaftler arbeiten besessen am bestgehütesten Geheimnis des 2. Weltkriegs.
M595664702;Keller, Gottfried;Romeo und Julia auf dem Dorfe;2009;171;Meistererzählung;"Nach dem Primärtext folgen jeweils Anhänge mit zahlreichen Hintergrundinformationen; abschließend Literaturhinweise sowie Wort- und Sacherläuterungen."
M595664868;Khoury, Raymond;Menetekel;2010;638;Thriller;Während einer Live-Übertragung aus der Antarktis taucht am Himmel ein leuchtendes rundes Objekt auf, das die Klimaforscher vor Ort und das weltweite Fernsehpublikum gleichermaßen fasziniert wie verunsichert. Für die Journalistin Grace beginnt ein lebensgefährlicher Albtraum.
M595665052;Kinau, Rudolf;Dat lütte Rudl-Kinau-Book;2007;126;Plattdeutsch;Ein Spiegelbild seines literarischen Schaffens zwischen 1916 und 1975.
M595664925;Klein Georg;Roman unserer Kindheit;2010;445;Belletristik;Ein halbes Dutzend Kinder erlebt im deutschen Süden der 1960er-Jahre einen bizarren Mix aus süßem Ferienalltag und dunklen Geheimnissen und Ängsten aus der Welt der Großen, die in dieses Idyll einbrechen und das Erwachsenwerden zwischen Ekel und dunkler Traumverlorenheit beschleunigen.
M59566524X;Koidl, Roman M.;Scheißkerle;2010;223;Belletristik;"Tipps zum Erkennen unterschiedlicher Typen von ""Scheißkerlen"" samt ihren betrügerischen Strategien, um heillose Beziehungsmuster zu vermeiden."
M595665673;Körner, Torsten;Geschichten aus dem Speisewagen;2010;384;Belletristik;Ein Jahr lang bereist der Journalist Körner im Speisewagen der Bahn das Land, beobachtet und spricht mit Reisenden, die ihm ihre Freuden, Ängste, Probleme und Weltanschauungen anvertrauen.
M595660961;Koschyk, Heike;Hildegard von Bingen - ein Leben im Licht;2009;239;Biografie;Eine neue Biographie - klug recherchiert und anschaulich geschrieben.
M595659282;Kraft, Thomas;Jakob Wassermann;2008;259;Biografie;Darstellung von Leben, Werk und Zeitkontext des in den 20er-Jahren des letzten Jahrhunderts weltberühmten Romanciers (1873-1934).
M595665157;Kutscher, Volker;Der nasse Fisch;2008;542;Hist. Krimi;In Berlin 1929 ermittelt Kriminalkommissar Gereon Rath, eigentlich bei der Sittenpolizei tätig, auf eigene Faust in einem Mordfall. Dabei kommt er einem Komplott auf die Spur.
M595665449;Kutscher, Volker;Der stumme Tod;2010;541;Hist. Krimi;Gereon Raths zweiter Fall
M595665811;Lamb, Cathy;Blau wie Schokolade;2010;445;Frauen;Hals über Kopf verlässt Jeanne Stewart, um zu ihrem Bruder zu fahren. Unterwegs hält sie in Weltana, einem kleinen Ort in Oregon. Hier findet sie neue Freunde.
M595659363;Lappert, Rolf;Nach Hause schwimmen;2009;603;Belletristik;Wilbur ist vom Leben gezeichnet: Die Mutter stirbt bei seiner Geburt, der Vater macht sich vor Kummer aus dem Staub, der beste Freund verursacht einen Unfall, bei dem die geliebte Großmutter stirbt. Erst Aimee macht ihm Mut und überzeugt ihn davon, dass er nicht nur ein Verlierer ist.
M595664503;Lark, Sarah;Das Gold der Maori;2010;749;Frauen;Irland, 1845: Michael wird verurteilt und nach Australien verbannt. Seine Verlobte ist schwanger. Als ihr Vater das erfährt, verheiratet er sie mit einem Viehhändler und beide wandern nach Neuseeland aus. Währenddessen versucht Michael, aus dem Gefängnis auszubrechen, nicht ahnend, dass seine Verlobte ganz in seiner Nähe ist, aber verheiratet mit einem Anderen ...
M595661014;Larsson, Stieg  (1x);Verblendung;2006;687;Krimi;Wirtschaftsjournalist Mikael Blomkvist ist mithilfe von Lisbeth - einem Hackergenie - dem Verschwinden der jungen Harriet vor 40 Jahren auf der Spur. Ihr Großonkel ist sein Auftraggeber und verspricht ihm dafür Material gegen den betrügerischen Finanzmann Wennerström.
M595660948;Larsson, Stieg  (1x);Vergebung;2008;847;Krimi;3. und letzter Band mit dem Wirtschaftsjournalisten Mikael Blomkvist: Lisbeth Salander hat den Kampf gegen Alexander Zalatschenko, Drahtzieher mafiöser Machenschaften, knapp überlebt und steht unter Mordverdacht. Mikael Blomkvist setzt alles daran, ihre Unschuld zu beweisen. Auch als seine Ermittlungen von höchster Stelle behindert werden, setzt er seine Arbeit unbeirrt fort.
M595660924;Larsson, Stieg  (1x);Verdammnis;2008;765;Krimi;"Mikael Blomkvist bekommt für sein Magazin eine hochbrisante Story angeboten, die Würdenträger der schwedischen Gesellschaft mit Prostitution und Vergewaltigung in Verbindung bringt. Als seine ""Quelle"" tot aufgefunden wird, gerät Ermittlerin Lisbeth Salander in Verdacht: Ihre Fingerabdrücke sind auf der Tatwaffe ..."
M595661119;Lee, Janice Y.K.;Die Klavierlehrerin;2010;365;Belletristik;Hongkong, 1952: Der 2. Weltkrieg und die damalige Liaison Wills mit einer Eurasierin liegt wie ein Schatten auf der Liebesgeschichte der Klavierlehrerin Claire und Will.
M595665251;Leky, Mariana;Die Herrenausstatterin;2010;206;Frauen;Eine abenteuerliche Dreiecksgeschichte nimmt ihren Lauf, zwischen einer aus dem Alltag gefallenen Frau, einem überaus selbstbewussten Liebhaber und einem Toten, den allerdings nur Katja sehen kann. 
M595665543;Lenz, Siegfried;Der Mann im Strom ;2009;160;Belletristik;Der Taucher Hinrichs ist alt geworden. Um trotzdem Arbeit zu bekommen, sieht er nur einen einzigen Ausweg. 
M595665040;Lenz, Siegfried;Stadtgespräch;1998;356;Belletristik;Die Stadt liegt an einem Fjord, ihre Bewohner tragen nordische Namen. Das Leben in ihr geht seinen geordneten Gang. Nur einmal riß ein Ereignis die Stadt aus ihrem Dahinleben und dieses  Ereignis wurde zum Inhalt des Stadtgesprächs, das nicht verstummen wollte und im Laufe der Jahre viele Veränderungen erfuhr. 
M599778607;Liss, David;Die Papierverschwörung;2010;538;Krimi;London um 1720. Benjamin Weaver, der seiner jüdischen Familie mit ihren strengen Sitten den Rücken gekehrt hat, verdient seinen Lebensunterhalt als Faustkämpfer. Als sein Vater, ein Börsenmakler, stirbt, nimmt Weaver den Kontakt wieder auf und taucht bei seinen Ermittlungen über die Todesumstände in die für ihn neue Welt des Aktienhandels ein.
M595664527;Loriot;Das Frühstücksei;2008;285;Humor, Satire;gesammelte dramatische Geschichten mit Doktor Klöbner und Herrn Müller-Lüdenscheidt, Herrn und Frau Hoppenstedt, Erwin Lindemann u.v.a. / Loriot
M595665791;Loriot;Männer und Frauen passen einfach nicht zusammen;2006;92;Humor, Satire;Was morgens mit Problemen bei der Zubereitung des Frühstückseis beginnt, endet auch am Abend, wenn die Auffassungen darüber divergieren, wie man den Feierabend verbringen kann  und wann der Fernseher einen ins Bett schickt, noch lange nicht. 
M595665580;Loriot;Dramatische Werke;1995;311;Humor, Satire;Das vorliegende Kolossalwerk enthält mehr als fünfzig Dramen aus allen Lebensbereichen der Gegenwart.
M595665263;Lütz, Manfred;Irre! Wir behandeln die Falschen;2009;189;Psychologie ;"Dieser Eintrag umfaßt auch unveränderte Neuausgabe . - ""Um die Normalen zu verstehen, muss man erst die Verrückten studiert haben."" Gemäß dieser These wirbt der Autor für einen anderen Umgang mit Menschen, die an Erkrankungen der Psyche leiden und stellt auf humorvolle Weise Psychiatrie und Psychotherapie verständlich dar."
M595664682;Maasburg, Leo;Mutter Teresa;2010;239;Biografie;Geschichten aus der Zeit, in der der Autor Mutter Teresa auf ihren Reisen begleitete.
M595665916;Machfuss, Nagib;Die Midaq-Gasse;2010;286;Belletristik;Roman über die Bewohner einer kleinen Gasse in Kairo in den 40er Jahren, deren traditionelle Lebensweise von den Auswirkungen des 2. Weltkrieges erschüttert wird.
M595665884;Magnus, Ariel;Ein Chinese auf dem Fahrrad;2010;251;Belletristik;Ein Argentinier wird während einer Gerichtsverhandlung von dem chinesischen Angeklagten als Geisel genommen und taucht in eine für ihn völlig fremde, aber zunehmend faszinierende Welt ein.
M595665425;Mandela, Nelson;Der lange Weg zur Freiheit;1997;861;Autobiographie;Spannend erzählte Lebensgeschichte des Häuptlingssohnes (Jg. 1918), engagierten Freiheitskämpfers und seit 1994 Staatspräsidenten Südafrikas.
M595665823;Manseau, Peter;Bibliothek der unerfüllten Träume;2009;446;Belletristik;Ein junger Archivar übersetzt die Memoiren eines Dichters, der das Jiddische mit seinem Werk zu bewahren sucht. Diese Memoiren machen den Hauptbestandteil des Romans aus. In ihnen wird ein Stück jüdische Geschichte transparent.
M595664434;Marquardt, Walter;Sagen, Määrkens und Vertellen ut den Kreis Horborg un Ümto;2008;143;Plattdeutsch;Sagen, Määrkens und Vertellen ut den Kreis Horborg un Ümto = Sagen, Märchen und Anekdoten aus dem Kreis Harburg und seinem Umfeld / Wilhelm
M595665859;Matuschek, Oliver;Stefan Zweig;2006;405;Biografie;Drei Leben  -  Eine Biographie
M595664539;McEwan, Ian;Liebeswahn;2000;355;Belletristik;Clarissa und Joe sind glücklich verheiratet, haben es geschafft, ihren Beruf mit einem Privatleben zu vereinen. Der Tag, an dem diese Idylle ihr Ende findet, lässt sich genau bestimmen: Sie veranstalten ein Picknick im Grünen, als in ihrer Nähe ein Ballon abstürzt und Joe zu Hilfe eilt. Seine guten Absichten ändern nichts an dem tödlichen Ausgang des Unfalls, schlimmer noch - er ist daran zum Teil mit schuld.
M599778644;McEwan, Ian;Unschuldige;2010;256;Krimi;Die Liebesgeschichte zwischen einem Engländer und einer Deutschen im Berlin der 50er Jahre - zugleich ein Psychokrimi und eine Persiflage auf die west-östlichen Geheimdienste.
M595664844;McFadyen, Cody;Ausgelöscht;2010;459;Thriller;Special Agent Smoky Barrett vom FBI ist weiterhin auf der Jagd nach geisteskranken Verbrechern. Sie und ihr Team verfolgen einen cleveren Serientäter, der seine Opfer entführt und verstümmelt.
M595664471;Mecklenburg, Heinz;Wi snackt platt;2009;49;Plattdeutsch;Wi snackt platt   -   Plattdeutsche Geschichten
M595661250;Mitgutsch, Anna;Wenn du wiederkommst;2010;271;Belletristik;Eine namenlose Ich-Erzählerin trauert um den Tod ihres geliebten Lebensgefährten. Quälend intensive Auseinandersetzung mit der Trauer in all ihren Facetten.
M595664409;Moor, Dieter;Was wir nicht haben, brauchen Sie nicht;2009;297;Belletristik;"Dieter Moor und seine Frau Sonja beschließen, ihr beschauliches Schweizer Domizil aufzugeben und stattdessen einen Bauernhof in Amerika zu kaufen und zu bewirtschaften - dass ""Amerika"" ein Dorf in Brandenburg ist, macht aus der Sache kein geringeres Wagnis."
M595665108;Mulisch, Harry;Die Entdeckung des Himmels;1995;797;Belletristik;"Eine in dieses umtriebige und abgründige Jahrhundert ausschwärmende Geschichte über eine ungewöhnliche Freundschaft, eine Liebe, die aufmüpfigen sechziger, die pragmatischen siebziger und die windigen achtziger Jahre und den langen Nachhall der Kriegs- und Nachkriegszeit; über ein ungewöhnliches Kind, das einen noch ungewöhnlicheren ""Auftrag"" hat; einen Astronomen und Don Juan, der nie zur Ruhe kommt, und ein Sprachgenie, das in der Politik Karriere macht."
M595665356;Müller, Herta;Niederungen;2010;172;Erzählung;Ein Dorfmädchen erlebt intensiv im noch sozialistischen Banat Rumäniens das menschliche Mit- und Gegeneinander, Folklore, Alltag, familiäre Katastrophen, den Verfall einer ländlichen Idylle.
M595665076;Müller, Ina;Dree in Een;2009;270;Plattdeutsch;"Sonderausgabe: ""Platt is nich uncool"", ""Mien Tung is keen Flokati"" und ""Schöönheit vergeiht, Hektar besteiht"" komplett in einem Band"
M595664576;Nehberg, Rüdiger;Echt verrückt!;2005;269;Reisen;erlebte Geschichten / Rüdiger Nehberg. Mit Cartoons von Kim Schmidt
M595665133;Nicholls, David;Zwei an einem Tag;2009;541;Belletristik;Von 1988 bis 2007, immer am 15. Juli, werden wir Zeuge, wohin sich die Beziehung zwischen dem Lebemann Dexter und der klugen, eher bescheidenen Emma entwickelt: von einer unverbindlichen Liebesnacht über vorsichtige Annäherung zu tiefer Freundschaft. Doch wird es ein Happy End geben?
M595664799;Noack/Bickerich;Helmut Kohl;2010;299;Biografie;Die Biografie erscheint anlässlich des 80. Geburtstages des Exkanzlers und beschreibt Licht- und Schattenseiten des Politikers: seinen Aufstieg, seinen Machtinstinkt, die Regierungzeit und die problembeladenen Jahre danach.
M59566578X;Nottelmann, Nicole;Die Karrieren der Vicki Baum;2007;441;Biografie;Eine Lebensgeschichte, so spannend wie ein Roman. 
M599778620;Oelker, Petra;Mit dem Teufel im Bunde;2010;336;Krimi;Die inzwischen bürgerlich verheiratete ehemalige Komödiantin Rosina klärt mit dem Hamburger Weddemeister um 1772 einen Mord an einer vermögenden hanseatischen Kauffrau auf, die in der St. Katharinen-Kirche brutal erschlagen wurde.
M595665413;O'Faolain, Nuala;Nur nicht unsichtbar werden;2001;252;Erlebnisbericht;Nuala rebelliert gegen das Lebensmuster, das im katholischen Irland für Frauen vorgesehen ist: Heirat und Kinder, Alkohol und Gewalt. Und doch sucht sie immer wieder Zuflucht in Affären und trinkt, bis ihr das Leben zu entgleiten droht.
M595661026;Palahniuk, Chuck;Lullaby;2006;254;Roman;Ein tiefer, erschütternder Blick in menschliche Abgründe und den Horror des Daseins, in Form der von Freunden und Feinden erzählten Geschichte des kurzen und spektakulären Lebens von Buster Rant Casey.
M595665088;Passig, K./Scholz, A.;Verirren;2010;268;Humor, Satire;Eine lehrreiche und amüsante Umwertung und Rehabilitation der Fähigkeit, sich zu verirren.
M595661225;Petterson, Per;Ich verfluche den Fluss der Zeit;2009;238;Roman;Arvids Mutter hat Krebs. Sie will auf ihre Weise damit umgehen, aber ihr längst erwachsener Sohn kann das nicht akzeptieren. Die Krankheit der Mutter wird ihm zum Anlass zahlreicher Reflexionen über das eigene Leben.
M595665368;Philips, A./Lahutsky, J.;Wolkengänger;2010;348;Erlebnisbericht;Tatsachenbericht eines heute 18-jährigen Jungen über die unmenschlichen Bedingungen in russischen Waisenheimen.
M595660900;Picoult, Jodi;Beim Leben meiner Schwester;2009;478;Erlebnisbericht;Ohne ihre Schwester Anna kann Kate Fitzgerald nicht leben: Sie hat Leukämie. Doch eines Tages weigert sich die dreizehnjährige Anna, weiterhin Knochenmark für ihre todkranke Schwester zu spenden.
M59566446X;Prüfer, Benjamin;Same same but different;2009;328;Erlebnisbericht;Die erstaunliche Liebesgeschichte zwischen einem jungen deutschen Journalisten und einem kambodschanischen Mädchen, das als Prostituierte arbeitete.
M595664446;Raabe, Wilhelm;Stopfkuchen;2010;330;Krimi;Ein ungeklärter Mord überschattete einst die Kindheit von Eduard, Heinrich und Valentine. Als sie Jahrzehnte später wieder aufeinandertreffen, führt die überraschende Lösung des Falls zu der Erkenntnis, dass nichts so ist, wie es schien.
M59566511X;Raabe, Wilhelm;Chronik der Sperlingsgasse;2009;223;Roman;"Der Gelehrte Johannes Wachholder unterbricht die Arbeit an seinem Werk ""De vanitate hominum"", um während eines Winters und Frühlings die Begebenheiten in der Berliner Sperlingsgasse aufzuzeichnen, in der er wohnt. Raabes frühe Großstadterzählung entwirft ein realistisches Bild der politischen und sozialen Situation in Deutschland um die Mitte des 19. Jahrhunderts."
M595661051;Ragde, Anne B.;Das Lügenhaus;2007;318;Familie;3 Brüder treffen sich am Bett der sterbenden Mutter nach vielen Jahren wieder und stellen sich endlich ihrer Vergangenheit, damit sie sich annähern können.
M595661274;Ragde, Anne B.;Das Lügenhaus;2007;318;Familie;3 Brüder treffen sich am Bett der sterbenden Mutter nach vielen Jahren wieder und stellen sich endlich ihrer Vergangenheit, damit sie sich annähern können.
M59566104X;Ragde, Anne B.;Einsiedlerkrebse;2010;318;Familie;Die furiose Familiensaga geht weiter: Nach dem Tod der Mutter werden auf Hof Byneset die Karten neu gemischt. Die Brüder Margido und Erlend meiden den heruntergekommenen Familienhof nahe Trondheim. Beide führen auf ihre Weise ein erfülltes Leben.
M595665332;Ragde, Anne B.;Hitzewelle;2009;317;Familie;Letzter Band der Trilogie um den Neshov bei Trondheim: Torunn versorgt den Hof mehr recht als schlecht, versorgt die Schweine und den Großvater - notdürftig von einem Bauernhelfer und ihren beiden Onkeln unterstützt. Aber es ist zu viel.;
M595661038;Rai, Edgar;Nächsten Sommer;2010;236;Belletristik;6 junge Leute machen sich auf den Weg nach Südfrankreich, Freiheit und Abenteuern entgegen. Zauberhaftes Roadmovie, in dem jeder der Freunde sich die Frage nach dem Sinn des Lebens stellt.;
M595665381;Razumovsky, Dorothea;Letzte Liebe;2009;150;Belletristik;"Einsamkeit und Demenzängste quälen eine 80-jährige Witwe, bis ihr im Seniorenstift der halbwüchsige Wowa begegnet. Die mütterliche ""letzte Liebe"" führt zu neuem Lebensmut: ""Ich bin glücklich, denn ich werde gebraucht.""";
M595665486;Rebel, Benny;Mein Abenteuer Wildnis;2010;236;Erlebnisbericht;Die faszinierenden und teils auch lebensgefährlichen Abenteuer und Erlebnisse des Naturfotografen im südlichen Afrika, auf den Galapagos-Inseln sowie in Indien und im Iran.;
M595664670;Reich, Annika;Durch den Wind;2010;329;Frauen;Yoko, Friederike, Alison und Siri leben in Berlin und gehören der Generation 30 plus an. Für die Freundinnen stellt sich die Frage, wo ihr Leben hingehen soll.;
M595664483;Reuter, Fritz;Läuschen un Rimels;2007;537;Plattdeutsch;Polterabend -Gedichte in hochdeutscher und niederdeutscher Mundart.;
M595665766;Riemann, Erika;Die Schleife in Stalins Bart;2002;253;Erlebnisbericht;ein Mädchenstreich, acht Jahre Haft und die Zeit danach;
M595660867;Röhrig, Tilman;Wir sind das Salz von Florenz;2010;895;Belletristik;Das Florenz der Renaissance  --  Zwischen Lorenzo de´Medici und Girolamo Savonarola  --;
M595664901;Römmer, Dirk;Schiet ok !;2009;91;Plattdeutsch;Geschichten aus seiner Heimat;
M595664726;Rong, Jiang;Der Zorn der Wölfe;2008;703;Belletristik;Ein junger Chinese lernt während eines Aufenthaltes in der Inneren Mongolei das harte Leben der Nomaden und das Verhalten der Wölfe kennen.;
M595664893;Rudolph, Hermann;Richard v. Weizsäcker;2010;285;Biografie;Die Biografie des ehemaligen Bundespräsidenten spürt den persönlichen Motivationen für seinen Aufstieg und der unvergleichlichen Amtsführung nach.;
M599778587;Sansom, Christopher J.;Pforte der Verdammnis;2010;399;Krimi;England im Jahre 1537: Der Londoner Rechtsanwalt Matthew Shardlake, Anhänger Cromwells und der englischen Reformationsbewegung, wird als Ermittler in einem Mordfall in ein Benediktinerkloster geschickt. Was er dort erlebt, lässt ihn an der gnadenlosen Reformpolitik und den eigenen Überzeugungen zweifeln. Der Roman  beschreibt kenntnis- und detailreich eine Zeit, in der mit brutaler Konsequenz in England unter König Heinrich VIII. und fern der höfischen Herrlichkeit die Klöster geschlossen, Vermögen eingezogen und weiterverteilt, Willkür und Angst verbreitet wurden. ;
M595665729;Schädlich, Hans Joachim;Kokoschkins Reise;2010;188;Belletristik;Auf einer Schiffsreise zurück nach New York erinnert sich der Exilrusse Fjodor Kokoschkin an markante Ereignisse aus seinem langen Leben, die fast ein politisches Jahrhundert geprägt haben.;
M599778619;Schätzing, Frank;Tod und Teufel;2010;448;Krimi;Köln, 1260: Der machtbesessene Erzbischof Konrad hat sich mit den Patriziern der wohlhabenden Stadt verfeindet. Als der Dombaumeister einem Anschlag zum Opfer fällt, wird bald das ganze Ausmaß einer blutigen Intrige gegen die Kirche sichtbar.;
M595665401;Schambach, Sigrid;Johann Hinrich Wichern;2008;184;Biografie;Informationen über Leben und Wirken des in Hamburg 1808 geborenen Theologen und Pädagogen Johann Hinrich Wichern, dem Begründer des Rauhen Hauses, in dem benachteiligte Jugendliche ein Zuhause finden.;
M595665015;Schirach, Ferdinand von;Verbrechen;2009;205;Erlebnisbericht;Der Autor, Anwalt und Strafverteidiger in Berlin, stellt ungewöhnliche Fälle aus seiner Praxis vor, in denen Angeklagte Hilfestellung von einer humanen Justiz erfahren und milde Urteile erreichen.;
M595665238;Schirach, Ferdinand von;Schuld  ;2010;199;Erzählung;Neue Fälle aus der Praxis des Berliner Anwalts und Strafverteidigers. Menschliche Schicksale, die vor Gericht gebracht werden, verdichten sich zu Literatur.
M595660985;Schlenz, Kester;Alter Sack, was nun?;2009;220;Humor, ;Sammlung von Informationen, Überlegungen, Schlussfolgerungen und Merksätzen zu allen Themen, die den Männern auf der falschen Seite von 50 begegnen. Mit Cartoons von Til Mette.
M595665437;Schmidt, Helmut / Stern, Fritz;Unser Jahrhundert;2010;286;Politik;Der ehemalige Bundeskanzler und der aus Deutschland stammende amerikanische Historiker führen Gespräche über algemein interessierende Themen der jüngsten deutschen Geschichte und zu aktuellen internationalen Fragen.
M595664694;Schmidt, Susanne;Markt ohne Moral;2010;208;Wirtschaft;"Die Autorin ist seit 30 Jahren in leitenden Positionen in der Londoner Finanzwelt tätig. Sie berichtet von der aktuellen Finanzkrise; von gierigen Bänkern, falsch beratenden Politikern, untätigen Aufsichtsbehörden ..."
M595660879;Scholl-Latour;Afrikanische Totenklage;2003;539;Erlebnisbericht;Der Ausverkauf des Schwarzen Kontinents.
M595665778;Schulz, Frank;Mehr Liebe - Heikle Geschichten;2010;210;Belletristik;
M595664820;Schümer, Dirk;Zu Fuß;2010;206;Erlebnisbericht;Der Autor, selbst leidenschaftlicher Wanderer, erzählt kurzweilig von der Geschichte und Entwicklung des Wanderns.
M595664588;Schwarz, Friedhelm;Verstehen Sie Ihren Verstand?;2010;240;Wissenschaft;Der Autor berichtet über die Methoden, Experimente und Ergebnisse neurowissenschaftlicher Forschungen und beschreibt, welche Schlüsse für den Alltag aus den bisherigen Erkenntnissen zu ziehen sind.
M595665835;Seddig, Katrin;Runterkommen;2010;382;Belletristik;Lieben und geliebt werden - das funktioniert in diesem Roman hervorragend, nur nie mit dem Menschen, mit dem man es sich erhofft. So liebt Erik Dani, die wiederum von Tom begehrt wird, den Zuzanna sehr interessant findet, aber Zuzanna hat eigentlich schon einen Freund ...
M595661156;See, Lisa;Töchter aus Shanghai;2009;445;Belletristik;Die Schwestern Pearl und May werden von ihrem Vater an amerikanische Chinesen verkauft. Auf der Flucht vor den feindlichen Japanern wird Pearl vergewaltigt. Damit nicht genug, warten in Amerika Demütigungen und weitere Schicksalsschläge auf die tapferen Schwestern, aber auch stilles Glück.
M595664937;Simpson, Helen;Gleich, Schätzchen;2010;239;Belletristik;9 weibliche Lebensentwürfe zwischen Mutter-Dasein, Eheleben und Karriere werden ausgelotet.
M595661120;Sparks, Nicholas;Mit Dir an meiner Seite;2010;543;Liebe;Die 17-jährige Ronnie soll die Ferien bei ihrem Vater verbringen. Davon ist sie nicht begeistert, denn sie hat ihm nie verziehen, dass er die Familie vor 3 Jahren verlassen hat. Doch dann verliebt sie sich in den jungen Will und plötzlich sieht die Welt ganz anders aus, bis dunkle Wolken am Horizont auftauchen ...
M59566459X;Steinmüller, Angela;Darwins Welt;2008;316;Biografie;Biographie des berühmten englischen Naturforschers Charles Darwin (1809-1882), dessen Evolutionstheorie noch heute nicht ausdiskutiert ist.
M595665202;Stiftung Warentest (Barr, Karin);Bankentricks;2009;160;Ratgeber;Unter den Rubriken Geldanlage, Bankverbindung, Darlehen werden Fallen und Lockangebote aufgezeigt. Beispiele sind bessere Zinsen bei Tagesgeldkonten für Erstkunden, fantasievolle Zertifikate, hohe Gebühren bei Girokonto oder schöngeredete Immobilienfinanzierungen.
M59566117X;Strout, Elisabeth;Mit Blick aufs Meer;;351;Belletristik;Die ehemalige Mathematiklehrerin Olive Kitteridge lebt in der kleinen Küstenstadt Crosby, Maine. Um sie herum ranken sich die Geschichten der Bewohner des Ortes.
M595665636;Suter, Martin;Der Koch;2010;311;Krimi;"Maravan, Koch aus Sri Lanka, lebt als Asylant in Zürich. Mit seiner Kollegin startet er einen Catering-Service der aphrodisischen Art. Doch der Erfolg lockt auch zwielichtige Kundschaft aus Politik und Wirtschaft; so lassen die Probleme nicht lange auf sich warten."
M595661132;Swann, Leonie;Garou;2010;414;Krimi;"In Frankreich finden die Glenkill-Schafe und ihre Schäferin Rebecca ein Feriendomizil nahe eines Schlosses. Doch dort scheint ein mörderischer Werwolf, ein ""loup garou"", sein Unwesen zu treiben - und aus ist es mit der Ruhe, die Detektive im Schafspelz haben eine neuen Fall."
M595664552;t'Hart, Maarten;Ein Schwarm Regenbrachvögel;2004;222;Belletristik;Als kleiner Junge  wächst er in einer abgeschiedenen Gärtnerei auf. Auch in der Schule bleibt er ein Außenseiter - er wohnt so weit weg, das er als einziger Schüler auch Mittags in der Schule bleiben muss. Gleichzeitig ist er auch noch klug und schüchtern. So beobachtet er immer nur die anderen Kinder beim Spielen.
M595664986;t'Hart, Maarten;Der Schneeflockenbaum;2009;413;Belletristik;Ein seltsamer Mechanismus bestimmt das Leben der beiden Freunde, die trotz ihres Konkurrenzverhaltens lebenslang nichts trennen kann: Jouri interessiert sich nur für weibliche Wesen, die der Ich-Erzähler begehrt. Und da die Frauen Jouri einfach nicht widerstehen können, spannt er sie seinem Freund aus. 
M595664621;t'Hart, Maarten;Die schwarzen Vögel;2001;313;Belletristik;Jenny mit den schwarz lackierten langen Fingernägeln verschwindet, und natürlich gerät unter Verdacht, wer zuletzt mit ihr gesehen wurde: Thomas Kuyper, Pharmakologe in einem Tierforschungslabor. Seine Frau war eine Woche verreist, er hatte nicht der Versuchung widerstanden – nun sieht sich Thomas mit den Scherben seiner Ehe und seiner Existenz konfrontiert.
M59566461X;Theorin, Johan;Öland;2009;446;Krimi;Ein dunstig-kühler Spätsommertag. Ein kleiner Junge klettert über die Steinmauer eines einsamen Hauses. Er tritt in den Nebel hinaus und verschwindet ohne jede Spur. Niemand sieht ihn je wieder. Zwanzig Jahre später erhält Julia, die Mutter des Jungen, einen ungeheuerlichen Anruf von ihrem Vater:
M595665039;Theorin, Johan;Nebelsturm;2009;446;Krimi;Ein alter Hof auf der Insel Öland, errichtet aus dem Holz eines alten Schiffswracks, der allen Bewohnern Unglück bringt. In stürmischen Winternächten hört man angeblich das Flüstern der Toten in den Wänden. Joakim ahnt von all dem nichts, als er mit seiner Familie hierherzieht. Doch dann findet man die Leiche seiner Frau, ertrunken am Strand. Nur ein Unfall?
M595665003;Thome, Stephan;Grenzgang;2009;453;Belletristik;"In einer Provinzstadt findet alle 7 Jahre ein überschäumendes, ""Grenzgang"" genanntes Heimatfest statt. Der geschiedene Kersten, dem desillusionierten Thomas und Karen, die die Stadt nie verließ, ist gemeinsam ein beängstigendes Gefühl zwischen Resignation und Euphorie."
M595664389;Tolstoi, Leo;Die Kreutzersonate;2002;175;Erzählung;Die 1890 erschienene Erzählung schildert nicht nur das Scheitern einer Ehe und deren tragisches Ende, sie geht darüber hinaus auf den Moralkodex der russischen Gesellschaft ein.
M595665320;Tolstoi, Leo;Krieg und Frieden;2002;1.645;Roman;"Historischer Hintergrund: Den historischen Hintergrund bilden die militärischen Auseinandersetzungen Russlands mit Frankreich.Inhalt: Der mit insgesamt rund 250 Figuren besetzte Roman schildert die Geschichte dreier Familien, deren Mitglieder über drei Generationen durch mehrere miteinander verflochtene Erzählstränge verbunden sind.
"
M595665287;Tolstoi, Leo;Anna Karenina;2006;1.241;Roman;Das  Romanepos verwebt die Geschichten dreier adliger Familien: Fürst Oblonski und seine Frau Dolly, Dollys junge Schwester Kitty Schtscherbazkaja und der Gutsbesitzer Lewin, sowie schließlich Anna Karenina, die Schwester des Fürsten, die mit dem Staatsbeamten Karenin verheiratet ist. Annas Liebesaffäre mit dem Grafen Wronskij führt schließlich zum Bruch der Ehe und ihrer Selbsttötung.
M595661099;Torres Blandina, Alberto;Salvador und der Club der unerhörten Wünsche;2010;223;Roman;Episodenroman über den Putzmann Salvador, der auf einem Flughafen arbeitet und die wartenden Passagiere mit humorvollen, erstaunlichen und philosophischen Geschichten unterhält.
M599778599;Tremayne, Peter;Das Konzil der Verdammten;2010;336;Krimi;Schwester Fidelma und ihr Lebenspartner Eadulf lösen in einem burgundischen Kloster nicht nur einen Mord an einem irischen Abt, sondern finden auch zahlreiche aus dem Kloster verschwundene Frauen und Kinder.
M595665121;Uschmann, Oliver;Feindesland;2010;400;Belletristik;"Der härteste ""Hartmut und ich""-Roman seit Beginn der Kultserie: Der Philosoph und der Packer aus dem Ruhrpott gehen dahin, wo längst keine Gefangenen mehr gemacht werden - nach Berlin. Eine Achterbahnfahrt durch den Wahnsinn unserer Republik und die Herzen von Männern, die zur Rettung ihrer Liebe plötzlich echte Gefechtstürme bauen müssen."
M595664962;v. Weizäcker, Richard;Der Weg zur Einheit;2009;222;Geschichte;Der ehemalige Bundespräsident schildert in seinen Erinnerungen den Weg zur deutschen Einheit. Dabei verbindet er persönliche Erlebnisse mit Betrachtungen zur deutschen Geschichte, zu Traditionen in Ost und West sowie zu den großen Herausforderungen der Zukunft.
M595665064;Verlag: Quickborn;Dat lütte Vörleesbook;;;;
M595664832;Vogel, Liselotte;Ich lebe weiter selbstbestimmt;2009;180;Ratgeber;Persönliche Erfahrungen vom Leben in einem Altersstift (Augustinum), verbunden mit Anregungen für die eigene Wahl von Wohn- und Pflegealternativen.
M595664669;Vosseler, Nicole;Sterne über Sansibar;2010;540;Belletristik;Die abenteuerliche Geschichte einer Prinzessin von Sansibar, die sich in einen jungen Deutschen verliebt, mit diesem nach Deutschland flieht und nach einem Unfall ihres Gatten allein mit 3 Kindern ihre Rechte durchsetzen muss.
M595665685;Walls, Jeanette;Ein ungezähmtes Leben;2010;365;Belletristik;"Lily Casey, die Großmutter der Autorin, wurde 1901 in Texas geboren und wuchs auf einer ärmlichen Ranch auf. Sie ritt Pferde zu, pokerte wie der Teufel, fuhr Auto, nahm Flugstunden, wurde wieder Rancherin und war doch Zeit ihres Lebens passionierte Lehrerin. Nachfolgetitel von ""Schloss aus Glas""."
M595665600;Weber, Anne;Luft und Liebe;2010;188;Belletristik;Sie ist nicht mehr ganz jung, als sie ihren Märchenprinzen trifft. Sie schmieden Zukunftspläne, aber bevor die Träume konkret werden, platzen sie wie eine Seifenblase.
M595664738;Weissweiler, Eva;Wilhelm Busch;2007;381;Biographie;"der lachende Pessimist ; eine Biographie"
M595665904;Willemsen, Roger;Afghanische Reise;2006;221;Reisebericht;
M595121895;Williams, Tad;Shadowmarch, Bd 1: Die Grenze;2010;812;Fantasy;"Ganz im Norden erhebt sicht die riesige, labyrinthische Südmarksfeste. Keiner kennt ihr Alter und jahrehundertelang war sie fast vergessen. Doch nun kann ihre einsame Lage an der Grenze zum unheimlichen Reich der Zwielichtbewohner sie nicht länger schützen. südmark wird bedroht. ""Die Grenze"" ist der 1. Bad. des Shadowmarch-Epos."
M598298906;Winder, Simon;Germany oh Germany;2010;462;Geschichte;"Eine ""eigenwillige"" Geschichte der Deutschen und ihrer Kultur - von einem britischen Fan."
M601263508;Abdel-Samad, Hamed;Der Untergang der islamischen Welt;2010;231;Religion;Anhand zahlreicher Beispiele kritisiert der 1972 geborene deutsch-ägyptische Politikwissenschaftler die starre Haltung des Islams gegenüber westlich-liberalen Werten und begründet dies Haltung mit einer fehlenden Aufklärung, ohne die er keine Zukunft für den Islam sieht.
M601263614;Abonji, Melinda Nadj;Tauben fliegen auf;2010;314;Belletristik;Ildikos Familie gehört zur ungarischen Minderheit in Serbien, lebt aber in der Schweiz. Hier sind sie und ihre Schwester aufgewachsen, aber heimisch fühlt sie sich nicht. Heimat bleibt die Vojvodina, der Landstrich in Serbien, in dem die Verwandten leben.
M600050279;Adler-Olsen, Jussi;Schändung;2010;458;Krimi;1987 erschüttert eine Serie brutaler Überfälle ganz Dänemark. Eine Gruppe Jugendlicher aus bestem Hause wird verdächtigt, aber nie verurteilt. 20 Jahre später beginnt Carl Mørck zu ermitteln und stößt hinter der glänzenden Fassade der Reichen und Mächtigen auf einen Abgrund an Menschenverachtung.
M601263626;Allende, Isabel;Die Insel unter dem Meer;2010;552;Belletristik;Zarité lebt als Sklavin in der französichen Kolonie Saint-Domingue (dem heutigen Haiti), Sie erledigt ihre Arbeit und fügt sich scheinbar. Doch Zarité ist klug und stark und träumt von Freiheit. Während der Sklavenaufstände flieht sie nach Kuba und weiter nach New Orleans.
M600050044;Berg, Alex;Machtlos;2010;376;Thriller;"In Hamburg steht ein internationaler Gipfel zum Thema Klima an; die Furcht vor terroristischen Anschlägen setzt die Geheimdienste unter Hochspannung und lässt sie auch unrechtmäßige Maßnahmen ergreifen."
M601263744;Birkegaard, Mikkel;Die Bibliothek der Schatten;2010;509;Belletristik;"Im Antiquariat ""Libri di Luca"" tagt eine Geheimgesellschaft, deren Mitglieder allein durch das Vorlesen andere Menschen beeinflussen können. Bald entdeckt der Sohn von Luca diese Gabe bei sich. Er und seine Freunde müssen gegen eine Schattengesellschaft kämpfen, die diese Gabe missbraucht."
M600050056;Brack, Robert;Und das Meer gab seine Toten wieder;2010;249;Hist. Krimi;Zwei Polizistinnen sind angeblich freiwillig in den Tod gegangen. Hielten sie die Machtkämpfe innerhalb der »Weiblichen Kriminalpolizei« nicht aus oder wurden sie ermordet? Die aufgeladene politische Situation Anfang der 30er Jahre macht die Nachforschungen von Jennifer Stevenson, die die Hintergründe des Polizeiskandals aufklären will, zu einer bedrohlichen Angelegenheit.
M601264008;Christophersen, Jan;Schneetage;2010;366;Belletristik;Schneewinter von 1978/79. Inmitten des übelsten Schneetreibens bricht Paul Tamm, der Wirt des Grenzkrugs. Pauls Ziehsohn Jannis erinnert sich an die zurückliegenden Jahrzehnte, die er in dem deutsch-dänischen Grenzdorf verbracht hat: wie er selbst als Flüchtlingskind von der Familie aufgenommen wurde, wie Paul nach Ende des Krieges aus dem Gefangenenlager zu seiner Familie zurückkehrte und wie die beiden in den folgenden Jahren im Watt auf archäologische Spurensuche gingen. 
M601263675;Coelho, Paulo;Der Sieger bleibt allein;2009;498;Belletristik;Während der glamourösen Filmfestspiele kommt es in Cannes zu einer Reihe von Morden, die auf das Konto eines russischen Millionärs gehen, der mit seiner Ex abrechnen will, die inzwischen mit einem arabischen Modezaren liiert ist.
M600050162;Connelly, Michael;So wahr uns Gott helfe;2010;511;Thriller;Strafverteidiger Mickey Haller übernimmt nach 2-jähriger Pause die Aufgaben eines ermordeten Kollegen. Er stürzt sich voll in seine Aufgaben, hat auch einige Erfolge, doch der Fall des Film-Tycoons Elliot, der seine Frau und deren Liebhaber umgebracht haben soll, stellt ihn vor größte Probleme.
M588057969;Cornwell, Bernard;Der weiße Reiter;2007;509;Hist. Roman;Ende des 9. Jahrhunderts haben die dänischen Eroberer alle fünf englischen Königreiche unterjocht. Das gesamte Land der Angelsachsen ist in der Gewalt der Invasoren – mit Ausnahme eines kleinen Sumpfgebietes. Hier hält sich König Alfred von Wessex mit wenigen Getreuen versteckt. Uhtred, Krieger in Alfreds Diensten, kennt die Übermacht des dänischen Heeres genau.
M600050137;Cornwell, Bernard;Die Herren des Nordens;2008;480;Hist. Roman;Uhtred, der Krieger, hat in der Schlacht von Ethandun das letzte englische Königreich gerettet. Nun kehrt er zurück in seine vom Krieg erschütterte Heimat. Tritt ein in den Dienst König Guthreds von Northumbrien, den er selbst aus dänischer Gefangenschaft befreit hat. Doch sein neuer Herr verrät ihn. An die Ruder eines Sklavenschiffs gekettet, beginnt für Uhtred eine Reise ins Ungewisse.
M600050125;Cornwell, Bernard;Das brennende Land;2010;510;Hist. Roman;"Fortsetzung von ""Schwertgesang"": Blutige Schlachten gegen dänische Invasoren zur Zeit des englischen Königs Alfred (848 bis 898) fordern vom Helden Kampfesmut und strategisches Geschick."
M600050020;Cornwell, Bernard;Schwertgesang;2009;478;Hist. Roman;Wir schreiben das Jahr 855, und nahezu ganz England ist unter dänischer Herrschaft. Erbittert wehrt sich Uhtred mit seinen Mannen in Wessex gegen die Nordmänner. Er soll im Auftrag König Alfreds die Stadt Lundene zurückerobern, um die Schifffahrt und den Handel über die Themse unter Kontrolle zu bringen. Aber Uhtred erhält für seinen Einsatz keinen adäquaten Lohn. I
M60005007X;Cronin, Justin;Der Übergang;2010;1.019;Belletristik;Mit der entführten 6-jährigen Amy will eine militärische Forschungseinrichtung in Colorado menschliche Unsterblichkeit erreichen, was eine Welle von Gewalt und Zerstörung auslöst.
M600050093;Dorn, Wulf;Kalte Stille;2010;445;Thriller;Psychiater Jan Forstner kehrt in seine Heimatstadt zurück und wird noch immer von der Frage gequält, wohin sein kleiner Bruder vor vielen Jahren in einer kalten Winternacht verschwunden ist.
M592824930;Durst-Benning, Petra;Die russische Herzogin;2010;510;Hist. Roman;"Fortsetzung des Romanes ""Die Zarentochter"", der neben dem weiteren Lebensweg der späteren Königin Olga von Württemberg auch die Entwicklung der Wera Romanow, einer Nichte Olgas, beleuchtet. Diese gelangt als Wildfang in jungen Jahren an den Hof der Tante und findet ihr Glück in Württemberg"
M592824966;Falcones, Ildefonso;Die Pfeiler des Glaubens;2010;926;Hist. Roman;Andalusien, 1568. Nach langer Repression bricht sich bei den Mauren der Freiheitswille Bahn gegen die christlichen Unterdrücker. Der junge Hernando versucht, seine muslimischen Glaubensbrüder vom Blutvergießen abzubringen. Aussöhnung wird zu seiner Lebensaufgabe.
M601263906;Feldenkirchen, Markus;Was zusammengehört;2010;318;Belletristik;Der Investmentbanker Benjamin erzählt von seiner Geschäftsreise, die ihn im Zusammenhang mit der Großbanken-Pleite nach Irland führt, und von seiner nie vergessenen Jugendliebe, der Irin Victoria.
M60126401X;Flügge, Manfred;Die vier Leben der Marta Feuchtwanger;2010;431;Biografie;Muse, Grande Dame, Ikone des deutschen Exils. Marta Feuchtwanger gehört zu den großen Dichterfrauen des 20.Jahrhunderts. Manfred Flügge erzählt das Leben dieser außergewöhnlichen Frau.
M600050032;Fohl, Dagmar;Die Insel der Witwen;2010;273;Hist. Roman;Eine schicksalhafte Liebe verbindet die schöne Witwe Keike mit dem verheirateten Erbauer des neuen Leuchtturms. Die ungewöhnliche Liebesgeschichte spielt Mitte des 19. Jahrhunderts auf einer friesischen Insel, auf der Armut und Tod herrschen.
;;;;;;
M601263980;Fournier, Jean-Louis;Umgebracht hat er keinen;2010;118;Belletristik;Mit dem unbestechlichen Blick des Sohnes und überraschendem Humor erzählt Jean-Louis Fournier von seinem Vater: einem Landarzt und Alkoholiker, einem Mann, der stets Dr. Jekyll und Mr. Hyde war.
M601263699;Franzen, Jonathan;Die Korrekturen;2003;780;Belletristik;Nach fast fünfzig Ehejahren hat Enid Lambert nur ein Ziel: ihre Familie zu einem letzten Weihnachtsfest um sich zu scharen. Doch Parkinson hat ihren Mann Alfred immer fester im Griff, und die drei erwachsenen Kinder durchleben eigene tragikomische Malaisen.
M60126349X;Franzen, Jonathan;Freiheit;2010;730;Belletristik;Der Roman einer Familie ist zugleich ein Epos der letzten 30 Jahre amerikanischer Geschichte.
M600050081;Gabaldon, Diana;Echo der Hoffnung;2009;1013;Hist. Roman;Im 7. Band der Highland-Saga sieht es um 1777 im Unabhängigkeitskrieg gegen die Briten nicht gut aus für den rebellischen Clanführer Jamie Fraser. Er will mit siener zeitreisenden Frau Claire dennoch zu den schottischen Highlands zurückkehren, wo auch Tochter Brianna lebt.
M592819237;Gavalda, Anna;Ein geschenkter Tag;2010;138;Belletristik;Eine spontane Landpartie wird für 4 Geschwister zu einem fröhlichen und rührenden Abschied von einem Stück Kindheitsglück.
M600050218;George, Elisabeth;Wer dem Tod geweiht;2010;829;Krimi;Ein lange zurückliegendes grausames Verbrechen führt in London zu einem weiteren Mord. Ein schwieriger Einstand für Detective Superintendent Isabelle Ardery bei New Scotland Yard und so bittet sie ihren Vorgänger, Inspector Lynley, um Hilfe.
M601263719;Goldmann, Francisco;Der himmlische Gemahl;2008;701;Hist. Roman;Vielschichtiger Gesellschaftsroman, der die Zeit der großen Freiheitskämpfe im hochexplosiven Lateinamerika Ende des 19. Jahrhunderts spiegelt.
M601263663;Goldsmith, Barbara;Marie Curie;2010;255;Biografie;Eine aktuelle, auf fundierten Recherchen basierende Biografie, in der nicht nur Leben und Werk, sondern auch die Persönlichkeit der weltberühmten Wissenschaftlerin Marie Curie eindrucksvoll beschrieben werden.
M601263594;Görtemaker, Heike B.;Eva Braun;2010;366;Biografie;Diese Biografie der Eva Braun zeigt ihre Bedeutung im Beziehungsgespinst um Hitler, ihre Bestätigung seiner Politik bis zuletzt.
M601263545;Grass, Günter;Grimms Wörter;2010;357;Belletristik;Günter Grass erzählt das Leben der Brüder Grimm, die sich mit ihrem Wörterbuch eine Herkulesarbeit aufgebürdet hatten, die nicht zu bewältigen war. Gleichzeitig analysiert Grass mit Bezügen zur Geschichte den Reichtum der deutschen Sprache.
M601264021;Hamburger Abendblatt;In Hamburg sagt man Tschüss;2010;203;Biografie;Erinnerungen an Heidi Kabel
M601263756;Hampel, Thomas (Hrsg.);HafenCity+Speicherstadt;2010;280;Hamburg;Das maritime Quartier in Hamburg.
M601263570;Hawking, Stephen;Der große Entwurf;2010;189;Naturwissensch.;Die Philosophie als Welterklärung ist tot, an ihre Stelle tritt die M-Theorie als Vereinigung aller Stringtheorien, das Universum resp. Multiversum hat sich selbst erschaffen: Hawkings vieldiskutierte These in leicht verständlicher Darstellung.
M601263813;Hosseini, Khaled;Tausend strahlende Sonnen;2007;381;Belletristik;Roman um 2 Frauen, die vor dem Hintergrund der Wirren der jüngeren afghanischen Geschichte ein stets bedrohtes Leben führen, das aber auch Momente der Liebe enthält.
M601263886;Hürlimann, Thomas;Vierzig Rosen;2006;363;Belletristik;Marie Meier, geb. Katz, bekommt jedes Jahr von ihrem Politikergatten Max 40 Rosen zum Geburtstag, als Zeichen seiner Liebe für die ewig junge Gemahlin. An einem dieser Tage lässt Marie ihr Leben Revue passieren.
M601263403;Jäckel, Karin;Deutschland ein Märchenreise;2010;188;Märchen;Reise durch Deutschlands Märchen und Sagen - von der schönen Undine vom Mummelsee über die heilige Elisabeth von Thüringen, vom Klabautermann über die Bremer Stadtmusikanten, von Till Eulenspiegel über die Heinzelmännchen von Köln bis zur Lorelei.
M601263687;Kertesz, Imre;Roman eines Schicksallosen;1999;286;Belletristik;Ein Roman über Auschwitz und Buchenwald mit den Augen eines Kindes, das deportiert wird
M600050019;Klausner, Uwe;Odessa-Komplott;2010;278;Krimi;Berlin 1948,die Leiche einer Stadtstreicherin wird gefunden ein Fall für Hauptkommissar Tom Sydow
M600050007;Kleemann, Ernst;Meise greift ein;2010;192;Krimi;Der Hamburger Privatdetektiv Kai Meisenberg ermittelt in einem finanziell lukrativen, aber extrem gefährlichen Fall. Er soll das Verschwinden von Tim Wessenberg aufklären, der sich als Gelegenheitsjournalist intensiv mit der Enthüllung eines Skandals in Reihen der Fremdenlegion beschäftigt hat.
M600050174;Koch, Herman;Angerichtet;2010;308;Belletristik;In einem schicken Restaurant treffen sich 2 unterschiedliche Ehepaare. Während das Diner abläuft, wird deutlich, dass die beiden pubertierenden Söhne der Paare etwas Schreckliches ausgefressen haben.
M588057970;Kornbichler, Sabine;Die Todesbotschaft;2010;430;Krimi;Gesa soll versucht haben, ihr Baby von einem verheirateten Mann umzubringen. In Finjas und befreundeten Familien mit gemeinsamer Wirtschaftsdetektei sterben in kurzer Zeit 6 Menschen. Hat diese Detektei mit den vielen Todesfällen zu tun?
M600050186;LeCarre, John;Verräter wie wir;2010;414;Thriller;Der russische Gangsterboss Dima fürchtet, liquidiert zu werden. Daher nimmt er, mithilfe des Liebespaares Gail und Perry, Kontakt zum britischen Geheimdienst auf und versucht, im Austausch gegen Informationen Schutz für sich und seine Familie zu erlangen.
M600050267;Leon, Donna;Das Mädchen seiner Träume;2009;350;Krimi;Ein Mädchen treibt tot im Canal Grande und wird von niemandem vermisst. Brunetti aber geht die 11-Jährige bis in die Träume nach. Aus einem venezianischen Palazzo kommt sie nicht, wohl aber aus einer Wagenburg auf dem Festland ... (Verlagstext) *** Dieser Titel kann für Sie ab sofort vorgemerkt werden. Die Auslieferung durch die ekz erfolgt unmittelbar nach Erscheinungstermin - unabhängig von der später folgenden bibliothekarischen Begutachtung. . - Ein 11-jähriges Mädchen treibt tot im Canal Grande. Niemand meldet ein Kind als vermisst: Commissario Brunettis 17. Fall führt ihn von den Auffanglagern der Ärmsten bis in die Palazzi der Wohlsituierten.
M592824991;Lorentz, Iny;Die Ketzerbraut;2010;719;Belletristik;München Anfang des 16. Jahrhunderts: Auf dem Weg nach Innsbruck zu ihrem Bräutigam wird die schöne Veva entführt und nach wenigen Tagen wieder befreit. Aber jetzt gilt sie nicht mehr als unberührt und wird einem Weiberhelden und Kirchengegner zur Frau gegeben ...
M59282498X;Lupton, Rosamund;Liebste Tess;2010;383;Thriller;Beatrice wird nach London gerufen, wo ihre schwangere Schwester Tess verschwunden ist. Bald darauf wird Tess tot aufgefunden. Mit der Selbstmordtheorie der Polizei kann Beatrice sich nicht abfinden und ermittelt auf eigene Faust.
M601263825;Mandela, Nelson;Bekenntnisse;2010;457;Tagebuch;Nelson Mandela in seinen eigenen Worten: Briefe, Tagebuchnotizen, Kalendereinträge sowie der unvollendet gebliebene Entwurf zur Fortsetzung seiner Autobiographie.
M60005022X;Mantel, Hilary;Wölfe;2010;767;Historisch;Der historische Roman vermittelt ein eindrucksvolles Bild der Zeit des Tudorkönigs Heinrich VIII. und des Machtkampfes der beiden Gegenspieler Thomas Cromwell und Thomas Morus aus einer ungewöhnlichen Perspektive.
M600050150;McEwen, Paul;Spiral;2010;388;Thriller;Liam Connor hält eine Biowaffe geheim, den Uzumaki-Pilz, der starke Wahnvorstellungen hervorruft und schließlich zum Tod führt. Als Connor gefoltert wird und stirbt, möchten seine Enkelin Maggie und sein Mitarbeiter Jake verhindern, dass der Pilz in die falschen Hände gelangt, kommen jedoch zu spät.
M601263837;Morrison, Toni;Gnade;2010;217;Belletristik;Vielstimmig erzählter Roman aus der Anfangszeit der Sklaverei und des aufkommenden Rassismus in Virginia um 1680.
M601263602;Mosebach, Martin;Was davor geschah;2010;329;Belletristik;Das Ehepaar Rosemarie und Bernward Hopsten sonnt sich im öffentlichen Glanz der feinen Gesellschaft von Frankfurt am Main. Als sich Bernward in die Frau seines Freundes verliebt, wird mit Bekanntwerden der Liäson das Leben beider Familien und das der Kinder völlig durcheinandergewirbelt
M601263918;Murakami, Haruki;1Q84;2010;1021;Belletristik;Tengo soll den Roman der 17-jährigen Fukaeri überarbeiten, damit sie einen Literaturpreis bekommt. Aomame ist nach einem Auftragsmord an einem reichen Ölhändler in einer Parallelwelt gefangen. Um diese Sphäre vom gewöhnlichen Leben im Jahr 1984 zu unterscheiden, gibt sie der neuen unheimlichen Welt den Namen 1Q84.
M601263850;Nafisi, Azar;Die schönen Lügen meiner Mutter;2010;392;Autobiografie;Autobiografische Familiengeschichte vor dem Hintergrund der islamischen Revolution im Iran.
M601263569;Nagel, Christoph u. Pahl,Michael;"FC St.Pauli,das Buch; der Verein und sein Viertel";2009;415;Geschichte;
M601263768;Nemirovsky, Irene;Herr der Seelen;2009;286;Belletristik;"1920er Jahre in Nizza; Ein Arzt bekommt keine Berufschancen, bis er eine neue  Heilungsmethode  ""erfindet"" und nun sozusagen als "" Scharlatan"" durch die ""Reichen und Schönen"" selbst reich wird."
M592824954;Nesser, Hakan;Die Perspektive des Gärtners;2010;316;Krimi;Sarah, die kleine Tochter von Erik und Winnie, wurde entführt und kehrt nicht zurück. Nach über einem Jahr zieht das Ehepaar von Europa nach New York. Dort bekommt Winnie Signale, dass Sarah noch lebt. Schließlich verschwindet auch sie und Erik versucht, hinter ihr Geheimnis zu kommen.
M600050068;Oelker, Petra;Die Nacht des Schierlings;2010;475; Hist. Krimi;Hamburg im Herbst 1773. Konditormeister Hofmann wird tot im Morast gefunden. Viele könnten als Täter infrage kommen, denn er hatte etliche Feinde. Doch ausgerechnet der Großkaufmann Claes Herrmanns wird verdächtigt. Ein neuer Fall für die Komödiantin Rosina und Weddemeister Wagner.
M601263849;O'Nan, Stewart;Alle, alle lieben dich;2009;410;Belletristik;Nach einem Bad im Fluss macht sich Kim auf den Weg zum Schnellrestaurant, in dem sie arbeitet. Dort kommt sie nie an. Alle, die nach ihr suchen, hoffen, dass Kim heil zurückkommt oder dass in Kingsville Ruhe einkehrt, damit die Geheimnisse, die jeder verbirgt, auch welche bleiben.
M601263557;Palma, Felix J.;Die Landkarte der Zeit;2010;715;Belletristik;"Per Zeitreise in die Vergangenheit versucht ein junger Mann, den grausigen Mord an seiner Liebsten ungeschehen zu machen. Im viktorianischen London spielender Roman, inspiriert von Herbert G. Wells' berühmtem Roman ""Die Zeitmaschine""."
M592824978;Pfaue, Justus;Ein Paradies für alle;2010;440;Belletristik;Die Geschichte der Familie Wertheim, die es zu Beginn des 20. Jahrhunderts mit seinem Warenhaus in Berlin aus ärmsten Verhältnissen zu großem Wohlstand gebracht hat: Im Mittelpunkt der spröde Georg Wertheim und seine junge Lebensgefährtin Hanna.
M588057982;Picoult, Jodi;Zeit der Gespenster;2010;463;Belletristik;Ross Wakeman scheint einen nimmermüden Schutzengel zu haben, denn Unfälle und andere Gefahren können ihm nichts anhaben. Die Menschen in Comtosook halten ihn für den Richtigen, Geister zu vertreiben, doch das geht nicht so glatt wie gewünscht ...
M601263707;Precht, Richard David;Die Kunst, kein Egoist zu sein;2010;544;Wissenschaft;Unterhaltsame und sachkundige Suche nach dem Wesen des moralischen Verhaltens beim Menschen, kombiniert aus Erkenntnissen der Philosophie, Psychologie und Verhaltensforschung.
M601263427;Rachman, Tom;Die Unperfekten;2010;395;Belletristik;Der Autor stellt in seinem Roman Reporter, Redakteure sowie eine Leserin einer internationalen Zeitung mit Sitz in Rom in ihrer Unvollkommenheit dar. Dazu umreißt er in kürzeren Abschnitten die Geschichte der Zeitung.
M600050255;Read, Cornelia;Schneeweißchen und Rosentot;;;;
M601263732;Reichs, Kathy;Das Grab ist erst der Anfang;2009;383;Thriller;Die Forensikerin Tempe Brennan erwacht und muss feststellen, dass sie sich in einem sehr dunklen und kalten Raum befindet, an Händen und Füßen gefesselt. Mühsam versucht sie sich zu erinnern, wie sie in diese Lage gelangt ist.
M601263898;Ringelnatz, Joachim;Nach Berlin, nach Berlin, nach Berlin;2009;249;Belletristik;Gedichte, Prosa und Dokumente aus der Berliner Zeit
M601263415;Ruiz Zafon, Carlos;Der Mitternachtspalast;;;;
M592824942;Safier, David;Plötzlich Shakespeare;2010;315;Belletristik;"Gerne wäre die Grundschullehrerin Rosa mit ihrer großen Liebe Jan vor den Traualtar getreten. Fehlanzeige. Dafür befördert sie ein Magier ins Elisabethanische Zeitalter. Rosa findet sich im Körper von William Shakespeare wieder, zusammen mit ihm. Der ist nicht ""amused""."
M600050149;Sarrazin, Thilo;Deutschland schafft sich ab ;;;;
M601263720;Schmidt, Helmut (Hrsg.);Vertiefungen;2010;334;Politik;"Protokolle der Hamburger ""Freitagsgesellschaft"": Vorträge zu Kunst, der globalisierten Welt, Naturwissenschaften, sowie Religion und Geschichte. "
M601263793;Schmidt, Loki; Auf dem roten Teppich und fest auf der Erde;;;;
M60 126 377 X;Schmitz-Köster;Deutsche Mutter, bist du bereit … ;2010;412;Geschichte;Die Autorin versucht in ihrer sorgfältigen Recherche (Archivstudien, Quellenmaterial, Zeugenbefragung) den Spekulationen und Legenden auf den Grund zu gehen und den Mythos von den NS-Zuchtanstalten, den Mütter- und Kinderheimen der SS, zu enttarnen.
M601263521;Segev, Tom;Simon Wiesenthal;2010;574;Biographie;Der Nazijäger Wiesenthal (1908-2005) machte es sich nach seiner Befreiung aus dem KZ zur Lebensaufgabe, NS-Verbrecher aufzuspüren. Eine Würdigung von Leben und Werk einer herausragenden, aber auch sehr widersprüchlichen und umstrittenen Persönlichkeit des 20. Jahrhunderts.
M60 126 351 X;Sezgin, Hilal;Mihriban pfeift auf Gott;2010;349;Belletristik;"Mihriban ist Deutsch-Türkin, lebt in Berlin, ihr Lebensinhalt sind ihr ""kleiner"" Bruder Mesut und dessen Tochter. Doch plötzlich deuten alle Anzeichen darauf hin, dass Mesut an einem Terroranschlag beteiligt war. Köstliche Mischung aus Geheimdienst-Story, Liebesgeschichte und Gesellschaftsroman."
M60 126 403 3;Skrentny, Werner/Prüß, Jens;"Mit der Raute im Herzen; die große Geschichte des HSV";2008;472;Geschichte;die große Geschichte des HSV
M601263801;Sommer, Theo;Unser Schmidt;2010;416;Biographie;"Der Journalist Theo Sommer, wie Helmut Schmidt ehemaliger Herausgeber der ""ZEIT"", erzählt persönliche Erlebnisse und verbriefte Tatsachen aus dem Leben des bei Parteigenossen und politischen Gegnern geschätzten und respektierten Staatsmannes und Publizisten."
M601263638;Torday, Paul;Charly Summers;2010;287;Belletristik;Amüsanter Gesellschaftsroman, der in der englischen Brokerszene spielt. Der Hedgefondsbesitzer Bilbo Mountwilliam ködert seinen alten Freund Eck mit einem einträglichen Job. Eck soll ihm finanzkräftige Leute zuführen, damit Bilbo in die Top Ten des Finanzwesens aufsteigen kann.
M601263874;Tyler, Anne;Verlorene Stunden;2010;303;Belletristik;"Seit er bei einem Überfall k.o. geschlagen wurde, hat der 60jährige Liam Pennywell eine Gedächtnislücke von mehreren Stunden. Als er die junge Eunice kennenlernt, die für einen Demenzkranken als ""Erinnerungshilfe"" arbeitet, ist er sofort fasziniert."
M601263651;Walser, Alissa;Am Anfang war die Nacht Musik;2010;253;Belletristik;In ihrem 1. Roman schildert Alissa Walser das abenteuerliche Leben und Wirken des Arztes Franz Anton Mesmer (1734-1815) am Vorabend der Französischen Revolution.
M601263582;Willemsen, Roger;Die Enden der Welt;2010;542;Belletristik;Roger Willemsen hat seine eigene Topografie über die Enden der Welt entworfen: Patagonien, Kamtschatka, Sibirien, Südafrika, Timbuktu.
M600050101;Winslow, Don;Tage der Toten;2010;689;Thriller;US-Drogenfahnder Art Keller nimmt den Kampf gegen die mexikanische Drogenmafia auf. Als sein Mitarbeiter ermordet wird, schwört er Rache und beginnt einen gnadenlosen Feldzug gegen die Mafiabosse. Doch auch in Washington nimmt die Zahl seiner Feinde zu ...
M600050206;Wolf, Klaus-Peter;Todesbrut;2010;480;Thriller;Eine besonders aggressive Variante des Vogelgrippen-Virus' versetzt die gesammte Welt in Angst und Schrecken. Auch in der Region Ostfriesland werden die Menschen von einer Panik ergriffen, die zu dramatischen Auseinandersetzungen führt.
M600050243;Zweig, Stefanie;Die Kinder der Rothschildallee;2009;378;Belletristik;Schicksal der jüdischen  Familie Sternberg in Frankfurt  in den Jahren 1926 bis 1937 
M60 005 019 8;Zweig, Stefanie;Das Haus in der Rothschildallee;2009;280;Belletristik;Schicksal der jüdischen  Familie Sternberg in Frankfurt  in den Jahren 1900 bis 1916 mit einer Fülle von historischen Details.
M601263992;Schmachthagen, Peter;Sprechen Sie hamburgisch ?;2009;319;Hamburg;Allerlei Begriffe aus der Zeit, als Grossmutter ´n lütt Deern weer.
;;;;;;
;;;;;;
;;;;;;
;;;;;;
;;;;;;
;;;;;;
;;;;;;
;;;;;;
;;;;;;
;;;;;;
;;;;;;
;;;;;;
;;;;;;
;;;;;;
;;;;;;
